,file_names,genres,lsa_tf_idf_labels
0,175_1842_E.txt,ballads,0
1,47_1842_Lyubimov.txt,ballads,3
2,183_1844_Zhadovskaya.txt,ballads,3
3,157_1847_Nekrasov.txt,ballads,0
4,206_1841_Tolstoy.txt,ballads,0
5,45_1842_Lermontov.txt,ballads,0
6,88_1846_Shtukenberg.txt,ballads,0
7,208_1849_Miller.txt,ballads,3
8,36_1841_Sokolova.txt,ballads,2
9,141_1841_Pavlova.txt,ballads,2
10,163_1849_Veltman.txt,ballads,0
11,143_1841_Polonsky.txt,ballads,3
12,51_1842_Maykov.txt,ballads,3
13,31_1841_Rastopchina.txt,ballads,2
14,112_1850_Fet.txt,ballads,3
15,25_1841_Bashmakov.txt,ballads,0
16,139_1841_Oznobishin.txt,ballads,3
17,205_1840_Prokopovich.txt,ballads,3
18,168_1840_Shevyryov.txt,ballads,3
19,120_1850_G_G_R.txt,ballads,3
20,207_1849_Miller.txt,ballads,3
21,107_1850_Fet.txt,ballads,0
22,11_1840_Fet.txt,ballads,0
23,67_1844_Lermontov.txt,ballads,3
24,14_1840_Lermontov.txt,ballads,3
25,176_1842_Samursky.txt,ballads,3
26,18_1840_Nekrasov.txt,ballads,3
27,204_1846_Nekrasov.txt,ballads,0
28,33_1841_Sokolova.txt,ballads,2
29,138_1841_Oznobishin.txt,ballads,3
30,134_1841_Krasov.txt,ballads,0
31,133_1841_Krasov.txt,ballads,3
32,69_1844_Lermontov.txt,ballads,3
33,90_1846_Shtukenberg.txt,ballads,3
34,7_1840_Dolgorukov.txt,ballads,0
35,5_1840_Demidov.txt,ballads,3
36,6_1840_Dolgorukov.txt,ballads,3
37,103_1848_Durov.txt,ballads,3
38,53_1842_Molchanov.txt,ballads,3
39,100_1847_Glebov.txt,ballads,0
40,10_1840_Fet.txt,ballads,0
41,201_1850_Homyakov.txt,ballads,2
42,80_1845_Strugovschikov.txt,ballads,0
43,126_1840_Krasov.txt,ballads,2
44,19_1840_Nekrasov.txt,ballads,3
45,118_1843_Fet.txt,ballads,3
46,196_1848_Miller.txt,ballads,3
47,94_1847_Chernov.txt,ballads,0
48,32_1841_Sokolova.txt,ballads,2
49,140_1841_Pavlova.txt,ballads,0
50,132_1841_Koltsov.txt,ballads,0
51,198_1848_Miller.txt,ballads,3
52,85_1846_Plescheyev.txt,ballads,0
53,200_1850_Dmitriyev.txt,ballads,3
54,115_1843_Fet.txt,ballads,0
55,160_1848_Miller.txt,ballads,3
56,34_1841_Sokolova.txt,ballads,0
57,202_1850_Polonsky.txt,ballads,3
58,128_1840_Pavlova.txt,ballads,3
59,87_1846_Plescheyev.txt,ballads,0
60,169_1840_Stepanov.txt,ballads,3
61,192_1846_Miller.txt,ballads,0
62,127_1840_Krasov.txt,ballads,3
63,197_1848_Miller.txt,ballads,3
64,182_1844_Sushkov.txt,ballads,3
65,89_1846_Shtukenberg.txt,ballads,3
66,9_1840_Fet.txt,ballads,3
67,152_1843_Grigoryev.txt,ballads,0
68,114_1842_Fet.txt,ballads,0
69,164_1850_Mei.txt,ballads,0
70,86_1846_Plescheyev.txt,ballads,0
71,150_1842_Strugovschikov.txt,ballads,3
72,121_1850_Neudachev.txt,ballads,0
73,162_1849_Mei.txt,ballads,0
74,210_1849_Miller.txt,ballads,3
75,21_1840_N_I_.txt,ballads,0
76,209_1849_Miller.txt,ballads,3
77,148_1842_Ogarev.txt,ballads,0
78,35_1841_Sokolova.txt,ballads,2
79,154_1844_Pavlova.txt,ballads,0
80,12_1840_Lermontov.txt,ballads,3
81,101_1847_N_T.txt,ballads,3
82,55_1842_Rumyantsev.txt,ballads,0
83,111_1846_Fet.txt,ballads,0
84,95_1847_Chernov.txt,ballads,0
85,156_1845_Mei.txt,ballads,0
86,91_1847_Borozdna.txt,ballads,0
87,137_1841_Ogarev.txt,ballads,3
88,50_1842_Maykov.txt,ballads,0
89,166_1840_Katkov.txt,ballads,0
90,79_1845_Strugovschikov.txt,ballads,0
91,59_1843_Tokarev.txt,ballads,3
92,71_1844_Suslov.txt,ballads,1
93,8_1840_Fet.txt,ballads,0
94,3_1840_Alekseyev.txt,ballads,0
95,177_1843_Aleksandrov.txt,ballads,3
96,135_1841_Krasov.txt,ballads,0
97,73_1845_Daragan.txt,ballads,2
98,184_1845_Astroznikov.txt,ballads,3
99,124_1840_Koltsov.txt,ballads,0
100,54_1842_N_S.txt,ballads,3
101,136_1841_Kultschitsky.txt,ballads,2
102,56_1842_Voronov.txt,ballads,0
103,158_1847_Nekrasov.txt,ballads,0
104,144_1841_Turgenev.txt,ballads,0
105,129_1841_Aibulat.txt,ballads,3
106,48_1842_Lyubimov.txt,ballads,2
107,212_1846_Nekrasov.txt,ballads,0
108,13_1840_Lermontov.txt,ballads,3
109,153_1844_Miller.txt,ballads,3
110,28_1841_Minyat.txt,ballads,3
111,108_1850_Fet.txt,ballads,3
112,84_1846_Grigoryev.txt,ballads,0
113,39_1842_Bocharov.txt,ballads,0
114,81_1845_Strugovschikov.txt,ballads,0
115,119_1850_G_G_R.txt,ballads,3
116,189_1846_Miller.txt,ballads,3
117,145_1842_Fet.txt,ballads,3
118,2_1840_Alekseyev.txt,ballads,2
119,105_1848_Golishev.txt,ballads,0
120,195_1848_Miller.txt,ballads,2
121,74_1845_Daragan.txt,ballads,0
122,70_1844_Polonsky.txt,ballads,3
123,123_1840_Koltsov.txt,ballads,0
124,92_1847_Chernov.txt,ballads,2
125,17_1840_Nekrasov.txt,ballads,3
126,58_1843_Kolotenko.txt,ballads,3
127,60_1843_Tokarev.txt,ballads,0
128,190_1846_Miller.txt,ballads,3
129,98_1847_Glebov.txt,ballads,0
130,102_1847_N_T.txt,ballads,0
131,49_1842_Lyubimov.txt,ballads,3
132,113_1847_Fet.txt,ballads,0
133,83_1846_Askochensky.txt,ballads,0
134,38_1842_Bocharov.txt,ballads,3
135,1_1840_Alekseyev.txt,ballads,0
136,180_1844_Lihonin.txt,ballads,3
137,199_1850_A_P.txt,ballads,0
138,42_1842_Gradtsev.txt,ballads,3
139,104_1848_Golishev.txt,ballads,0
140,24_1840_Papkevich.txt,ballads,3
141,63_1843_Zhmakin.txt,ballads,3
142,106_1841_Shahova.txt,ballads,3
143,193_1848_Berg.txt,ballads,0
144,64_1844_Annenkova.txt,ballads,3
145,149_1842_Pavlova.txt,ballads,3
146,151_1842_Turgenev.txt,ballads,0
147,147_1842_Krasov.txt,ballads,0
148,23_1840_N_I_.txt,ballads,3
149,97_1847_Glebov.txt,ballads,0
150,41_1842_Bocharov.txt,ballads,0
151,76_1845_Guber.txt,ballads,2
152,99_1847_Glebov.txt,ballads,2
153,16_1840_Lermontov.txt,ballads,0
154,78_1845_Strugovschikov.txt,ballads,3
155,68_1844_Lermontov.txt,ballads,0
156,43_1842_Lensky.txt,ballads,3
157,57_1842_Voronov.txt,ballads,2
158,61_1843_Tokarev.txt,ballads,2
159,174_1842_A_S.txt,ballads,3
160,131_1841_Homyakov.txt,ballads,3
161,93_1847_Chernov.txt,ballads,0
162,173_1841_Jershov.txt,ballads,3
163,52_1842_Molchanov.txt,ballads,0
164,72_1844_Suslov.txt,ballads,0
165,65_1844_Annenkova_Lerm.txt,ballads,0
166,116_1850_Fet.txt,ballads,0
167,165_1840_Bernet.txt,ballads,3
168,142_1841_Pavlova.txt,ballads,2
169,75_1845_Daragan.txt,ballads,0
170,96_1847_Glebov.txt,ballads,0
171,130_1841_Grebenka.txt,ballads,0
172,44_1842_Lermontov.txt,ballads,2
173,29_1841_Minyat.txt,ballads,3
174,4_1840_Alekseyev.txt,ballads,3
175,211_1846_Nekrasov.txt,ballads,1
176,122_1840_Aksakov.txt,ballads,0
177,30_1841_Minyat.txt,ballads,2
178,178_1843_Miller.txt,ballads,0
179,77_1845_Otryvki.txt,ballads,2
180,82_1846_Askochensky.txt,ballads,3
181,15_1840_Lermontov.txt,ballads,3
182,66_1844_Lermontov.txt,ballads,3
183,110_1850_Fet.txt,ballads,0
184,117_1850_Fet.txt,ballads,0
185,26_1841_Minyat.txt,ballads,3
186,191_1846_Miller.txt,ballads,3
187,109_1843_Fet.txt,ballads,0
188,167_1840_Kukolnik.txt,ballads,3
189,408_Stavelov_1833.txt,elegies,2
190,253_Ryndovskij.txt,elegies,3
191,584_Grekov_1827.txt,elegies,2
192,122_NPavlov_1824.txt,elegies,2
193,172_Zhukovskij_1816.txt,elegies,3
194,291_Pletnev.txt,elegies,2
195,318_Ghv_1831.txt,elegies,2
196,242_U.txt,elegies,2
197,69_Kobozev_1824.txt,elegies,3
198,284_Tilo.txt,elegies,3
199,334_Baratynsky_1820.txt,elegies,2
200,426_Borozdna_1827.txt,elegies,3
201,465_Pushkin_1823.txt,elegies,3
202,282_B.txt,elegies,3
203,443_FTumanskij_1826.txt,elegies,2
204,421_Stavelov_1835.txt,elegies,3
205,585_DSh_1827.txt,elegies,2
206,368_BFedorov_1827.txt,elegies,2
207,65_Shelehov_1823.txt,elegies,3
208,529_Baratynskij_1827.txt,elegies,2
209,219_Karlgof.txt,elegies,3
210,454_Jazykov_1830.txt,elegies,3
211,477_Batushkov_1817.txt,elegies,2
212,445_Jakovlev_1826.txt,elegies,2
213,447_Shemiot_1827.txt,elegies,2
214,387_APushkin_1825.txt,elegies,2
215,394_Borozdna_1826.txt,elegies,2
216,320_Unknown_1831.txt,elegies,2
217,361_Venevitinov_1827.txt,elegies,2
218,346_Glebov_1817.txt,elegies,3
219,330_DmSh_1832.txt,elegies,2
220,566_Glebov_1827.txt,elegies,3
221,611_MDmitriev_1830.txt,elegies,2
222,37_Baratynsky_1821.txt,elegies,2
223,615_VPushkin_1827.txt,elegies,2
224,590_Sukhodolsky_1834.txt,elegies,2
225,275_j.txt,elegies,2
226,61_Glebov_1822.txt,elegies,3
227,558_Jazykov_1831.txt,elegies,2
228,220_Unknown_1829.txt,elegies,2
229,497_Venevitinov_1827.txt,elegies,2
230,587_Glebov_1827.txt,elegies,3
231,349_Glebov_1817.txt,elegies,3
232,119_Jazykov.txt,elegies,3
233,503_Pushkin_1818.txt,elegies,2
234,243_Morachevskij.txt,elegies,3
235,481_Batushkov_1817.txt,elegies,3
236,319_Fedorov_1831.txt,elegies,2
237,436_Unknown_1830.txt,elegies,2
238,261_Terjaev.txt,elegies,3
239,461_Delvig_1822.txt,elegies,2
240,160_Bistrom_1826.txt,elegies,2
241,257_Pletnev.txt,elegies,3
242,36_Baratynsky_1821.txt,elegies,3
243,526_Baratynskij_1827.txt,elegies,2
244,491_Batushkov_1817.txt,elegies,2
245,224_Steinberg.txt,elegies,2
246,507_Pushkin_1821.txt,elegies,3
247,525_Baratynsky_1824.txt,elegies,3
248,215_2-17.txt,elegies,2
249,440_Unknown_1828.txt,elegies,2
250,310_Podshivalov_1823.txt,elegies,2
251,306_V_1822.txt,elegies,2
252,285_Grigorjev.txt,elegies,3
253,410_NN_1834.txt,elegies,2
254,121_MDmitriev.txt,elegies,2
255,249_Bakunin.txt,elegies,3
256,521_Baratynsky_1827.txt,elegies,2
257,578_Glebov_1827.txt,elegies,3
258,534_Baratynskij_1827.txt,elegies,3
259,414_Stavelov_1834.txt,elegies,2
260,438_Rozen_1830.txt,elegies,2
261,166_Nahimov_1822.txt,elegies,2
262,266_Norov.txt,elegies,3
263,390_Astafjev_1826.txt,elegies,2
264,31_Baratynsky_1820.txt,elegies,2
265,295_Grigorjev.txt,elegies,3
266,492_Batushkov_1817.txt,elegies,3
267,362_SSij_1830.txt,elegies,2
268,343_Tymanskij_1823.txt,elegies,3
269,359_Unknown_1829.txt,elegies,2
270,29_Baratynsky_1820.txt,elegies,2
271,531_Baratynskij_1827.txt,elegies,2
272,401_Sukhodolskij_1832.txt,elegies,2
273,580_Glebov_1827.txt,elegies,2
274,520_Baratynsky_1827.txt,elegies,2
275,273_Tsertelev.txt,elegies,3
276,293_Velikopolsky.txt,elegies,3
277,323_Pushkin_1831.txt,elegies,2
278,482_Batushkov_1817.txt,elegies,2
279,101_Jazykov_1825.txt,elegies,2
280,269_Ryleev.txt,elegies,3
281,450_Pushkin_1827.txt,elegies,2
282,595_Mezhakov_1817.txt,elegies,3
283,369_L_1828.txt,elegies,3
284,250_Tumanskij.txt,elegies,3
285,479_Batushkov_1817.txt,elegies,3
286,161_Derskij_1826.txt,elegies,2
287,337_AGerman_1825.txt,elegies,2
288,232_Kozlov.txt,elegies,3
289,457_Tepljakov_1830.txt,elegies,3
290,542_Baratynskij_1826.txt,elegies,2
291,339_Pletnev_1821.txt,elegies,3
292,398_L_1831.txt,elegies,2
293,28_Pushkin_1823.txt,elegies,2
294,396_Pustocvetov_1830.txt,elegies,2
295,89_Bestuzhev-Rumin_1824.txt,elegies,2
296,365_Sijanov_1828.txt,elegies,3
297,134_Jazykov_1830.txt,elegies,2
298,444_FTumanskij_1826.txt,elegies,2
299,77_Davydov_1821.txt,elegies,2
300,380_Sv_1830.txt,elegies,2
301,7_Pletnev_1819.txt,elegies,3
302,377_PMvich_1830.txt,elegies,2
303,304_AN_1822.txt,elegies,3
304,411_VGlv_1834.txt,elegies,2
305,448_18_1827.txt,elegies,3
306,577_Glebov_1827.txt,elegies,2
307,612_MDmitriev_1827.txt,elegies,2
308,30_Delvig_1820.txt,elegies,3
309,138_Obodovsky_1826.txt,elegies,3
310,263_Reinsdorf_1820.txt,elegies,2
311,600_Ershov_1835.txt,elegies,3
312,522_Baratynsky_1827.txt,elegies,2
313,588_Sukhodolsky_1834.txt,elegies,2
314,451_Katenin_1829.txt,elegies,3
315,127_Masalskij_1830.txt,elegies,2
316,420_Khomjakov_1834.txt,elegies,2
317,326_V-pushkin_1827.txt,elegies,3
318,13_Norov_1820.txt,elegies,3
319,373_Bestuzhev-Rumin_1830.txt,elegies,2
320,417_Stavelov_1834.txt,elegies,2
321,415_Khotjaincov_1834.txt,elegies,3
322,258_Ryndovskij.txt,elegies,3
323,12_Pletnev_1820.txt,elegies,3
324,314_Gv_1824.txt,elegies,3
325,139_Glebov_1826.txt,elegies,3
326,321_Unknown_1831.txt,elegies,2
327,270_P-n.txt,elegies,3
328,329_IvGluhorev_1832.txt,elegies,2
329,328_IvGv_1832.txt,elegies,2
330,24_baratynsky_1823.txt,elegies,3
331,579_Glebov_1827.txt,elegies,2
332,167_Borozdna_1828.txt,elegies,2
333,375_PM_1829.txt,elegies,2
334,472_Batushkov_1817.txt,elegies,3
335,67_Shelehov_1823.txt,elegies,3
336,52_Olin_1822.txt,elegies,2
337,591_Sukhodolsky_1834.txt,elegies,2
338,379_PMvich_1830.txt,elegies,2
339,279_Baldauf.txt,elegies,3
340,123_P_1824.txt,elegies,2
341,217_Davydov_1829.txt,elegies,2
342,435_Rozen_1830.txt,elegies,2
343,58_Terjaev_1823.txt,elegies,3
344,49_Pletnev_1821.txt,elegies,2
345,527_Baratynskij_1827.txt,elegies,2
346,278_Krylov_1821.txt,elegies,2
347,509_Pushkin_1824.txt,elegies,0
348,476_Batyshkov_1817.txt,elegies,3
349,33_Pletnev_1820.txt,elegies,2
350,378_Stankevich_1830.txt,elegies,3
351,432_A_1830.txt,elegies,3
352,271_Velikopolskij.txt,elegies,3
353,42_Psrv_1822.txt,elegies,3
354,259_Norov.txt,elegies,3
355,499_Pushkin_1818.txt,elegies,2
356,397_Unknown_1825.txt,elegies,2
357,228_Jazykov.txt,elegies,2
358,412_Stavelov_1834.txt,elegies,0
359,120_Sushkov.txt,elegies,2
360,367_Ulan-Poseljanin_1827.txt,elegies,3
361,494_Batushkov_1817.txt,elegies,3
362,230_Garkusha_1830.txt,elegies,2
363,506_Pushkin_1821.txt,elegies,2
364,604_MDmitriev_1830.txt,elegies,2
365,226_Grigorjev.txt,elegies,2
366,260_Durop.txt,elegies,3
367,609_MDmitriev_1830.txt,elegies,2
368,353_Glebov_1818.txt,elegies,2
369,338_BFedorov_1825.txt,elegies,2
370,8_terjaev_1820.txt,elegies,3
371,381_JaDv_1830.txt,elegies,3
372,594_Gren_1832.txt,elegies,2
373,484_Batushkov_1817.txt,elegies,3
374,200_Batushkov_1816.txt,elegies,3
375,296_Velikopolsky.txt,elegies,2
376,489_Batushkov_1817.txt,elegies,3
377,543_Baratynskij_1822.txt,elegies,2
378,16_Nikonov_1820.txt,elegies,2
379,104_Jazykov_1825.txt,elegies,2
380,287_Krylov.txt,elegies,3
381,316_Tepljakov_1831.txt,elegies,3
382,433_Unknown_1821.txt,elegies,2
383,265_Dubrovin.txt,elegies,3
384,267_Nikonov.txt,elegies,3
385,254_Z.txt,elegies,2
386,237_N.txt,elegies,2
387,576_Glebov_1827.txt,elegies,3
388,143_Jakovlev_1826.txt,elegies,2
389,83_Tumanskij_1824.txt,elegies,2
390,614_MDmitriev_1830.txt,elegies,2
391,416_Stavelov_1834.txt,elegies,3
392,211_Tolstoy_1818.txt,elegies,2
393,546_Baratynskij_1827.txt,elegies,2
394,487_Batushkov_1817.txt,elegies,3
395,86_ij_1824.txt,elegies,2
396,41_Psrv_1822.txt,elegies,2
397,456_Unknown_1831.txt,elegies,2
398,1_DGlebov_1818.txt,elegies,3
399,352_G_1818.txt,elegies,2
400,430_Polezhaev_1826.txt,elegies,2
401,424_Glbv_1821.txt,elegies,3
402,283_Tilo.txt,elegies,3
403,66_Shelehov_1823.txt,elegies,3
404,50_MDmitriev_1822.txt,elegies,2
405,22_Pushkin_1823.txt,elegies,2
406,274_Glebov.txt,elegies,3
407,165_IvanchinPisarev_1828.txt,elegies,2
408,347_Glebov_1817.txt,elegies,3
409,589_Sukhodolsky_1834.txt,elegies,2
410,332_Lisitcyna_1828.txt,elegies,2
411,142_borozdna_1826.txt,elegies,3
412,425_Borozdna_1826.txt,elegies,3
413,312_Volkov_1823.txt,elegies,2
414,331_Unknown_1830.txt,elegies,2
415,100_Pushkin_1825.txt,elegies,2
416,354_PP_1818.txt,elegies,3
417,71_B-ov_1825.txt,elegies,2
418,336_Bistrom_1825.txt,elegies,2
419,607_MDmitriev_1830.txt,elegies,2
420,528_Baratynskij_1823.txt,elegies,2
421,593_Gren_1832.txt,elegies,2
422,148_EZij_1825.txt,elegies,2
423,39_Baratynsky_1821.txt,elegies,2
424,549_Jazykov_1824.txt,elegies,2
425,413_Stavelov_1834.txt,elegies,2
426,62_Gbs_1822.txt,elegies,3
427,98_MDmitriev_1824.txt,elegies,2
428,129_AlGlebov_1829.txt,elegies,3
429,439_Ermolaev_1826.txt,elegies,3
430,464_Norov_1823.txt,elegies,3
431,6_Pletnev_1819.txt,elegies,3
432,535_Baratynskij_1827.txt,elegies,3
433,59_kozlov_1823.txt,elegies,2
434,512_Pushkin_1824.txt,elegies,3
435,216_Churikov.txt,elegies,2
436,392_NPavlov_1826.txt,elegies,2
437,422_Podrazhaev_1821.txt,elegies,3
438,317_Jazykov_1831.txt,elegies,2
439,82_Norov_1824.txt,elegies,3
440,38_Baratynsky_1821.txt,elegies,2
441,256_Milonov.txt,elegies,3
442,88_Unknown_1824.txt,elegies,3
443,460_Gnedich_1822.txt,elegies,3
444,135_Jazykov_1830.txt,elegies,2
445,471_Batushkov_1817.txt,elegies,3
446,96_B_1826.txt,elegies,3
447,530_Baratynskij_1827.txt,elegies,2
448,27_Glebov_1823.txt,elegies,3
449,23_Kozlov_1823.txt,elegies,3
450,556_Jazykov_1824.txt,elegies,2
451,289_Bogdanov.txt,elegies,3
452,468_Batyshkov_1817.txt,elegies,2
453,20_shalikov_1822.txt,elegies,2
454,292_Pletnev.txt,elegies,2
455,162_Mezhakov_1817.txt,elegies,2
456,496_Batushkov_1817.txt,elegies,3
457,276_Norov.txt,elegies,2
458,229_MV_1830.txt,elegies,0
459,116_Kobozev_1824.txt,elegies,3
460,10_Baratynsky_1820.txt,elegies,2
461,286_21_Badulf.txt,elegies,3
462,210_Olin_1818.txt,elegies,2
463,519_Baratynsky_1827.txt,elegies,3
464,350_Kuchelbecker_1817.txt,elegies,2
465,458_Pletnev_1822.txt,elegies,2
466,434_Odoevskyj_1830.txt,elegies,2
467,351_Tumanskij_1817.txt,elegies,3
468,341_Tutchev_1822.txt,elegies,3
469,407_Stavelov_1833.txt,elegies,0
470,239_Savostjanov.txt,elegies,2
471,32_PuskinVas_1820.txt,elegies,2
472,606_MDmitriev_1830.txt,elegies,2
473,345_Olin_1816.txt,elegies,3
474,518_Baratynsky_1827.txt,elegies,3
475,132_MDmitriev_1827.txt,elegies,2
476,202_Batushkov.txt,elegies,3
477,14_Syrokhov_1820_El-1.txt,elegies,3
478,56_Ryleev_1821.txt,elegies,3
479,486_Batushkov_1817.txt,elegies,3
480,84_VS_1824.txt,elegies,3
481,3_T_1819.txt,elegies,2
482,92_E_1826.txt,elegies,3
483,536_Baratynskij_1827.txt,elegies,2
484,322_Unknown_1831.txt,elegies,2
485,515_Pushkin_1830.txt,elegies,2
486,154_Davydov_1815.txt,elegies,2
487,540_Baratynskij_1827.txt,elegies,2
488,157_Trubnikov_1826.txt,elegies,2
489,539_Baratynskij_1827.txt,elegies,2
490,64_NoName_1823.txt,elegies,2
491,90_Stepanov_1825.txt,elegies,3
492,156_Shalikov_1826.txt,elegies,3
493,358_NLutkovskij_1827.txt,elegies,2
494,47_Baratynskij_1821.txt,elegies,3
495,290_NoName.txt,elegies,2
496,599_Kozlov_1835.txt,elegies,2
497,94_Kleimenov_1826.txt,elegies,2
498,360_Bestuzhev_1831.txt,elegies,3
499,382_Suhodolskij_1830.txt,elegies,2
500,469_Batyshkov_1817.txt,elegies,3
501,227_Popov.txt,elegies,3
502,17_M-Dmitriev_1821.txt,elegies,3
503,545_Baratynskij_1827.txt,elegies,2
504,551_Jazykov_1825.txt,elegies,2
505,113_Jazykov_1824.txt,elegies,2
506,218_Vyazemsky.txt,elegies,3
507,327_Markovich_1835.txt,elegies,2
508,301_G_1822.txt,elegies,3
509,409_VTumanskij_1834.txt,elegies,2
510,146_Glebov_1825.txt,elegies,3
511,355_MDmitriev_1821.txt,elegies,2
512,386_NGrekov_1825.txt,elegies,3
513,240_Gradovsky.txt,elegies,2
514,97_MDmitriev_1824.txt,elegies,3
515,26_VTumanskij_1823.txt,elegies,2
516,68_Lobanov_1824.txt,elegies,3
517,308_Shklyarevskij_1823.txt,elegies,3
518,511_Pushkin_1825.txt,elegies,2
519,298_NK.txt,elegies,2
520,467_Tumanskij_1825.txt,elegies,2
521,136_Pushkin_1830.txt,elegies,2
522,128_Karateev_1830.txt,elegies,2
523,5_Pletnev_1819.txt,elegies,3
524,44_Olin_1823.txt,elegies,3
525,406_Stavelov_1833.txt,elegies,2
526,262_Annenkov.txt,elegies,2
527,573_Glebov_1827.txt,elegies,3
528,53_Olin_1822.txt,elegies,3
529,34_Pletnev_1821.txt,elegies,2
530,75_Davydov_1821.txt,elegies,2
531,302_Obodovskij_1822.txt,elegies,3
532,307_FR_1823.txt,elegies,3
533,268_Tilo.txt,elegies,3
534,374_Sijanov_1830.txt,elegies,2
535,596_Milonov_1819.txt,elegies,3
536,150_Zagorsky_1825.txt,elegies,3
537,555_Jazykov_1824.txt,elegies,2
538,356_Glebov_1825.txt,elegies,3
539,452_Unknown_1829.txt,elegies,2
540,131_Unknown_1827.txt,elegies,2
541,473_Batushkov_1817.txt,elegies,2
542,399_S_1831.txt,elegies,2
543,93_Jazykov_1826.txt,elegies,2
544,459_Davydov_1822.txt,elegies,2
545,485_Batushkov_1817.txt,elegies,3
546,80_SnPo_1824.txt,elegies,3
547,586_Turin_1827.txt,elegies,3
548,488_Batushkov_1817.txt,elegies,2
549,602_Lange_1829.txt,elegies,2
550,103_Jazykov_1825.txt,elegies,2
551,560_Jazykov_1825.txt,elegies,2
552,236_1-7.txt,elegies,0
553,502_Pushkin_1816.txt,elegies,2
554,403_Nikiforov_1833.txt,elegies,2
555,222_Davydov.txt,elegies,3
556,4_Chaplet_1819.txt,elegies,2
557,201_Batushkov.txt,elegies,3
558,495_Batushkov_1817.txt,elegies,3
559,501_Pushkin_1821.txt,elegies,2
560,431_NN_1829.txt,elegies,2
561,214_n_1824.txt,elegies,2
562,565_Glebov_1827.txt,elegies,3
563,605_MDmitriev_1830.txt,elegies,2
564,592_Sukhodolsky_1834.txt,elegies,2
565,437_Odoevskyj_1830.txt,elegies,2
566,43_Psrv_1822.txt,elegies,2
567,272_A.txt,elegies,2
568,608_MDmitriev_1830.txt,elegies,3
569,115_Pinskij_1824.txt,elegies,3
570,309_Ryndovskij_1823.txt,elegies,2
571,2_Norov_1821.txt,elegies,3
572,335_Pletnev_1820.txt,elegies,2
573,517_Baratynsky_1835.txt,elegies,3
574,581_FAlekseev_1827.txt,elegies,2
575,357_Gotovceva_1826.txt,elegies,3
576,613_MDmitriev_1830.txt,elegies,2
577,541_Baratynskij_1827.txt,elegies,2
578,483_Batushkov_1817.txt,elegies,2
579,277_Norov.txt,elegies,3
580,538_Baratynskij_1827.txt,elegies,3
581,333_Plentev_1820.txt,elegies,2
582,462_Davydov_1822.txt,elegies,3
583,418_Stavelov_1834.txt,elegies,2
584,567_Kozlov_1835.txt,elegies,3
585,405_Stavelov_1833.txt,elegies,2
586,57_Nechaev_1821.txt,elegies,2
587,603_MDmitriev_1830.txt,elegies,2
588,441_Volkov_1824.txt,elegies,3
589,91_Av_1825.txt,elegies,2
590,85_Unknown_1824.txt,elegies,3
591,429_Polezhaev_1826.txt,elegies,2
592,288_VGr.txt,elegies,3
593,99_Tumanskij_1824.txt,elegies,2
594,550_Jazykov_1827.txt,elegies,2
595,11_Pushkin_1820.txt,elegies,3
596,395_Alekseev_1830.txt,elegies,2
597,51_Terjaev_1822.txt,elegies,3
598,504_Pushkin_1821.txt,elegies,3
599,130_Unknown_1834.txt,elegies,2
600,493_Batushkov_1817.txt,elegies,3
601,70_Bistrom_1825.txt,elegies,2
602,524_Baraynsky_1823.txt,elegies,2
603,514_Pushkin_1825.txt,elegies,3
604,112_Jazykov_1824.txt,elegies,2
605,133_Unknown_1828.txt,elegies,2
606,40_Pletnev_1822.txt,elegies,2
607,532_Baratynskij_1827.txt,elegies,2
608,25_K_1823.txt,elegies,2
609,63_Glebov_1823.txt,elegies,3
610,255_Tumanskij.txt,elegies,2
611,466_Pushkin_1823.txt,elegies,2
612,114_G_1824.txt,elegies,3
613,280_Tilo.txt,elegies,3
614,376_13_1829.txt,elegies,2
615,281_Tilo.txt,elegies,3
616,305_AV_1822.txt,elegies,2
617,478_Batushkov_1817.txt,elegies,3
618,537_Baratynskij_1827.txt,elegies,2
619,18_AB-f_1821.txt,elegies,2
620,564_Baratynskij_1823.txt,elegies,2
621,174_Zhukovskij_1819.txt,elegies,2
622,475_Batushkov_1817.txt,elegies,2
623,344_Lobanov_1816.txt,elegies,3
624,449_Batushkov_1827.txt,elegies,2
625,297_VG.txt,elegies,0
626,45_German_1823.txt,elegies,2
627,568_Kozlov_1835.txt,elegies,3
628,175_Zhukovskij_1824.txt,elegies,3
629,251_Tumanskij.txt,elegies,2
630,19_baratynsky_1821.txt,elegies,2
631,124_j_1824.txt,elegies,2
632,571_Davydov_1832.txt,elegies,2
633,311_PlatonVolkov_1823.txt,elegies,3
634,597_Milonov_1819.txt,elegies,3
635,152_Unknown_1815.txt,elegies,3
636,248_Borozdna.txt,elegies,3
637,453_Unknown_1829.txt,elegies,2
638,582_Vatagin_1827.txt,elegies,2
639,245_Khvostov.txt,elegies,2
640,561_Jazykov_1833.txt,elegies,2
641,15_Syrokhov_1820_El-2.txt,elegies,3
642,155_GFedorov_1816.txt,elegies,3
643,574_Kozlov_1828.txt,elegies,2
644,87_PM_1824.txt,elegies,3
645,212_Pisarev_1820.txt,elegies,3
646,516_Baratynsky_1832.txt,elegies,2
647,137_Jazykov_1830.txt,elegies,2
648,419_Stavelov_1834.txt,elegies,2
649,173_Zhukovskij_1824.txt,elegies,3
650,455_Shbv_1830.txt,elegies,3
651,400_Pokrovskij_1832.txt,elegies,2
652,21_VR_1822.txt,elegies,3
653,423_Norov_1821.txt,elegies,2
654,303_SStch_1822.txt,elegies,3
655,300_Krukov_1822.txt,elegies,3
656,294_-ev.txt,elegies,3
657,366_Bogaevskij_1828.txt,elegies,2
658,446_Illichevskij_1827.txt,elegies,3
659,363_Unknown_1831.txt,elegies,3
660,299_Prv.txt,elegies,3
661,252_Tumanskij.txt,elegies,2
662,370_Valeio_1829.txt,elegies,2
663,95_Bushmakin_1826.txt,elegies,3
664,147_EZij_1825.txt,elegies,2
665,569_Khomjakov_1835.txt,elegies,3
666,583_Z_1827.txt,elegies,3
667,389_13_1826.txt,elegies,2
668,570_Tepljakov_1832.txt,elegies,3
669,209_Olin_1818.txt,elegies,2
670,498_Pushkin_1816.txt,elegies,2
671,149_obodovsky_1825.txt,elegies,3
672,575_Glebov_1827.txt,elegies,3
673,206_Unknown_1815.txt,elegies,2
674,55_Baratynsky_1821.txt,elegies,2
675,490_Batushkov_1817.txt,elegies,3
676,371_Karateev_1829.txt,elegies,2
677,601_SSj_1829.txt,elegies,2
678,553_Jazykov_1828.txt,elegies,2
679,117_Velikopolsky.txt,elegies,3
680,221_P-Drv.txt,elegies,3
681,610_MDmitriev_1830.txt,elegies,2
682,105_Unknown_1826.txt,elegies,2
683,463_Zagorskij_1823.txt,elegies,2
684,428_AD_1825.txt,elegies,3
685,205_G_1815.txt,elegies,3
686,35_Krylov_1821.txt,elegies,2
687,364_Bogaevskij_1828.txt,elegies,2
688,393_Poznanskij_1826.txt,elegies,3
689,383_FAlekseev_1825.txt,elegies,3
690,264_Rejnsdorf.txt,elegies,3
691,102_Jazykov_1825.txt,elegies,0
692,442_Tumanskij_1825.txt,elegies,3
693,598_Kozlov_1834.txt,elegies,3
694,313_Motylkov_1824.txt,elegies,2
695,9_kuchelbeker_1820.txt,elegies,2
696,480_Batushkov_1817.txt,elegies,3
697,170_Borozdna_1828.txt,elegies,3
698,26_askonchenksy_1843_utf8.txt,songs,0
699,282_nadezhdina_1831_utf8.txt,songs,0
700,109_d-v_1840_utf8.txt,songs,0
701,259_mezhdudelie_1848_utf8.txt,songs,0
702,343_smirnov_1842_utf8.txt,songs,0
703,421_cyganov_1832_utf8.txt,songs,0
704,570_pkij_1840,songs,0
705,268_merzlyakov_1806_utf8.txt,songs,0
706,318_pugovishnikov_1838_utf8.txt,songs,0
707,136_zagoskin_1835_utf8.txt,songs,0
708,334_rostopchina_1831_utf8.txt,songs,0
709,177_kolcov_1837_utf8.txt,songs,0
710,477_suhanov_1828,songs,0
711,488_suhanov_1828,songs,0
712,390_cyganov_1830_utf8.txt,songs,0
713,52_bestuzhev_1830_utf8.txt,songs,0
714,611_vladimirov_1848.txt,songs,0
715,67_vladimirov_1848_utf8.txt,songs,0
716,316_porohovoy_1843_utf8.txt,songs,0
717,379_fi_1826_utf8.txt,songs,0
718,127_ershov_1837_utf8.txt,songs,2
719,82_kuchelbecker_1823_utf8.txt,songs,0
720,172_kolcov_1836_utf8.txt,songs,0
721,393_cyganov_1832_utf8.txt,songs,0
722,138_ibragimov_1839_utf8.txt,songs,0
723,357_suhanov_1828_utf8.txt,songs,0
724,586_sushkov_1814,songs,0
725,18_alipanov_1835_utf8.txt,songs,0
726,625_lermontov_1830.txt,songs,0
727,538_bahturin_1837,songs,0
728,97_grammatin_1807_utf8.txt,songs,0
729,601_am_1842.txt,songs,2
730,345_sokolovsky_1843_utf8.txt,songs,0
731,231_lesnik_1838_utf8.txt,songs,0
732,275_mochalov_1842_utf8.txt,songs,0
733,610_vladimirov_1848.txt,songs,0
734,288_nirkomskiy_1838_utf8.txt,songs,0
735,111_delvig_1824_utf8.txt,songs,0
736,169_kolcov_1833_utf8.txt,songs,0
737,445_yu_1834_utf8.txt,songs,0
738,594_mochalov_1846.txt,songs,0
739,329_razmahnin_1832_utf8.txt,songs,2
740,272_merzlyakov_1810_utf8.txt,songs,0
741,330_raich_1825_utf8.txt,songs,0
742,347_solovjev_1842_utf8.txt,songs,0
743,429_cyganov_1832_utf8.txt,songs,0
744,539_borozdna_1847,songs,2
745,360_suhanov_1827_utf8.txt,songs,0
746,549_schedritskiy_1827.txt,songs,2
747,600_solovjov_1848.txt,songs,0
748,502_suhanov_1836,songs,0
749,125_ershov_1835_utf8.txt,songs,0
750,170_kolcov_1834_utf8.txt,songs,0
751,381_fedorov_1829_utf8.txt,songs,0
752,327_pugovishnikov_1832_utf8.txt,songs,0
753,264_merzlyakov_1806_utf8.txt,songs,0
754,42_bashmakov_1842_utf8.txt,songs,0
755,322_pugovishnikov_1838_utf8.txt,songs,0
756,142_ibragimov_1825_utf8.txt,songs,0
757,555_beketov_1804.txt,songs,0
758,405_cyganov_1832_utf8.txt,songs,0
759,267_merzlyakov_1805_utf8.txt,songs,0
760,238_makarov_1807_utf8.txt,songs,0
761,24_askonchenksy_1846_utf8.txt,songs,0
762,144_ivanov_1834_utf8.txt,songs,0
763,240_makarov_1807_utf8.txt,songs,2
764,576_stremenaev_1841,songs,0
765,606_oranienbstarozhil_1844.txt,songs,0
766,162_kolcov_1829_utf8.txt,songs,0
767,507_cyganov_1832,songs,0
768,541_bunina_1818,songs,0
769,581_b_1814.txt,songs,2
770,413_cyganov_1832_utf8.txt,songs,0
771,510_suhanov_1831,songs,0
772,88_godovnichenkova_1838_utf8.txt,songs,0
773,561_ilyin_1814,songs,0
774,299_ostolopov_1805_utf8.txt,songs,0
775,85_glebov_1817_utf8.txt,songs,0
776,178_kolcov_1837_utf8.txt,songs,0
777,245_makarov_1808_utf8.txt,songs,0
778,572_romanovich_1841,songs,0
779,575_romanovich_1841,songs,0
780,518_dmitrievsky_1858_,songs,0
781,210_koni_1831_utf8.txt,songs,0
782,391_cyganov_1832_utf8.txt,songs,0
783,448_yakubovic_1832_utf8.txt,songs,0
784,373_titov_1839_utf8.txt,songs,0
785,96_grammatin_1813_utf8.txt,songs,2
786,447_yakovlev_1828_utf8.txt,songs,0
787,536_grammatin_1804,songs,2
788,622_pushkin_1824.txt,songs,0
789,75_vladimirov_1848_utf8.txt,songs,0
790,419_cyganov_1832_utf8.txt,songs,0
791,603_romanovich_1842.txt,songs,0
792,225_kudryashov_1823_utf8.txt,songs,0
793,130_zhmakin_1843_utf8.txt,songs,2
794,159_kolcov_1827_utf8.txt,songs,2
795,121_delvig_1831_utf8.txt,songs,0
796,115_delvig_1828_utf8.txt,songs,0
797,227_kukolnik_1840_utf8.txt,songs,0
798,199_kolcov_1841_utf8.txt,songs,0
799,498_bp_1806,songs,0
800,370_timofeev_1835_utf8.txt,songs,0
801,71_vladimirov_1848_utf8.txt,songs,0
802,305_panaev_1826_utf8.txt,songs,0
803,208_komissarov_1831_utf8.txt,songs,0
804,80_volkonskaya_1831_utf8.txt,songs,0
805,423_cyganov_1832_utf8.txt,songs,0
806,50_berg_1847_utf8.txt,songs,0
807,619_kolcov_1840.txt,songs,0
808,140_ibragimov_1841_utf8.txt,songs,2
809,592_solovjov_1841.txt,songs,0
810,204_kolcov_1841_utf8.txt,songs,0
811,81_vyazemsky_1817_utf8.txt,songs,0
812,489_suhanov_1828,songs,0
813,476_suhanov_1828,songs,0
814,535_bp_1805,songs,0
815,621_zhukovsky_1816.txt,songs,0
816,522_usolets_1796,songs,0
817,206_kolcov_1842_utf8.txt,songs,0
818,301_pnv_1832_utf8.txt,songs,0
819,595_mochalov_1846.txt,songs,0
820,612_kolcov_1829.txt,songs,0
821,104_grekov_1840_utf8.txt,songs,0
822,216_krasov_1841_utf8.txt,songs,0
823,59_bushmakin_1828_utf8.txt,songs,0
824,64_verderevskij_1838_utf8.txt,songs,0
825,471_zhadovskaya_1846,songs,0
826,407_cyganov_1832_utf8.txt,songs,0
827,46_bashmakov_1842_utf8.txt,songs,0
828,587_shahovskoi_1815.txt,songs,0
829,256_mezhdudelie_1848_utf8.txt,songs,0
830,411_cyganov_1832_utf8.txt,songs,0
831,182_kolcov_1838_utf8.txt,songs,0
832,196_kolcov_1841_utf8.txt,songs,0
833,23_askonchensky_1837_utf8.txt,songs,0
834,135_zagoskin_1835_utf8.txt,songs,0
835,37_bashmakov_1842_utf8.txt,songs,0
836,247_makarov_1809_utf8.txt,songs,2
837,399_cyganov_1832_utf8.txt,songs,0
838,367_timofeev_1837_utf8.txt,songs,0
839,105_guber_1843_utf8.txt,songs,0
840,627_fedorov_1841.txt,songs,0
841,609_cyganov_1832.txt,songs,0
842,260_merzlyakov_1810_utf8.txt,songs,0
843,38_bashmakov_1842_utf8.txt,songs,0
844,213_krasov_1840_utf8.txt,songs,0
845,90_gorchakov_1838_utf8.txt,songs,0
846,60_bushmakin_1832_utf8.txt,songs,0
847,133_zagoskin_1833_utf8.txt,songs,0
848,100_grebenka_1844_utf8.txt,songs,0
849,276_mochalov_1842_utf8.txt,songs,0
850,449_ab_1834.txt,songs,0
851,54_bubnov_1830_utf8.txt,songs,0
852,377_trilunniy_1832_utf8.txt,songs,0
853,568_maksheeva_1840,songs,0
854,83_kuchelbeker_1823_utf8.txt,songs,0
855,615_kolcov_1838.txt,songs,0
856,333_rostopchina_1831_utf8.txt,songs,0
857,350_somov_1821_utf8.txt,songs,2
858,5_NN_1833_utf8.txt,songs,0
859,626_lermontov_1831.txt,songs,0
860,460_schogolev_1842,songs,0
861,588_solovjov_1841,songs,0
862,150_kashaev_1837_utf8.txt,songs,0
863,193_kolcov_1840_utf8.txt,songs,0
864,124_ershov_1834_utf8.txt,songs,0
865,386_hotyaincev_1835_utf8.txt,songs,0
866,45_bashmakov_1842_utf8.txt,songs,0
867,375_trilunniy_1831_utf8.txt,songs,0
868,557_ad_1824.txt,songs,0
869,558_aikav_1806.txt,songs,0
870,582_bp_1814,songs,0
871,65_vinogradov_1845_utf8.txt,songs,0
872,501_ bp_1806,songs,0
873,70_vladimirov_1848_utf8.txt,songs,0
874,574_romanovich_1841,songs,0
875,209_komissarov_1831_utf8.txt,songs,2
876,153_kozlov_1835_utf8.txt,songs,0
877,361_suhanov_1828_utf8.txt,songs,0
878,463_scherbina_1842,songs,0
879,277_mochalov_1842_utf8.txt,songs,0
880,499_lyubavskoi_1809,songs,2
881,57_bushmakin_1826_utf8.txt,songs,0
882,323_pugovishnikov_1838_utf8.txt,songs,0
883,84_glebov_1817_utf8.txt,songs,0
884,571_porohovoj_1841,songs,0
885,58_bushmakin_1826_utf8.txt,songs,0
886,134_zagoskin_1835_utf8.txt,songs,0
887,384_homyakov_1830_utf8.txt,songs,0
888,348_solovjev_1842_utf8.txt,songs,0
889,93_gorchakov_1839_utf8.txt,songs,0
890,284_naumova_1815_utf8.txt,songs,0
891,401_cyganov_1832_utf8.txt,songs,0
892,326_pugovishnikov_1832_utf8.txt,songs,0
893,4_odoevsky_1831_utf8.txt,songs,0
894,149_katkov_1839_utf8.txt,songs,0
895,269_merzlyakov_1810_utf8.txt,songs,0
896,163_kolcov_1829_utf8.txt,songs,0
897,224_kudryashov_1823_utf8.txt,songs,0
898,241_makarov_1808_utf8.txt,songs,2
899,529_izmailov_1829,songs,0
900,454_bp_1845,songs,0
901,74_vladimirov_1848_utf8.txt,songs,0
902,456_bp_1832,songs,0
903,61_VI_1847_utf8.txt,songs,0
904,417_cyganov_1832_utf8.txt,songs,0
905,591_solovjov_1841.txt,songs,0
906,446_yushkov_1812_utf8.txt,songs,0
907,618_kolcov_1840.txt,songs,0
908,533_kugushev_1814,songs,0
909,459_d_1829,songs,0
910,596_mochalov_1846.txt,songs,0
911,248_makarov_1823_utf8.txt,songs,3
912,425_cyganov_1832_utf8.txt,songs,0
913,41_baskmakov_1842_utf8.txt,songs,0
914,528_vuich_1838,songs,0
915,559_naumova_1813,songs,0
916,319_pugovishnikov_1838_utf8.txt,songs,0
917,607_akv_1845.txt,songs,0
918,158_kolokolov_1848_utf8.txt,songs,0
919,627_fedorov_1841.txt~,songs,0
920,382_filimonov_1810_utf8.txt,songs,0
921,295_odoevsky_1831_utf8.txt,songs,0
922,371_timofeev_1835_utf8.txt,songs,0
923,176_kolcov_1837_utf8.txt,songs,0
924,483_suhanov_1828,songs,0
925,310_polezhaev_1832_utf8.txt,songs,0
926,359_suhanov_1835_utf8.txt,songs,0
927,519_glinka_1823,songs,0
928,155_kolokolov_1847_utf8.txt,songs,0
929,226_kukolnik_1840_utf8.txt,songs,0
930,279_myatlev_1839_utf8.txt,songs,0
931,484_suhanov_1828,songs,0
932,17_alipanov_1835_utf8.txt,songs,0
933,78_vladimirov_1848_utf8.txt,songs,0
934,544_nn_1810.txt,songs,0
935,110_delvig_1825_utf8.txt,songs,0
936,562_kolosov_1814,songs,0
937,578_z_1841,songs,0
938,513_suhanov_1835,songs,0
939,443_shevyriov_1827_utf8.txt,songs,0
940,567_aana_1814,songs,0
941,514_suhanov_1835,songs,0
942,165_kolcov_1830_utf8.txt,songs,2
943,397_cyganov_1832_utf8.txt,songs,0
944,157_kolokolov_1848_utf8.txt,songs,0
945,20_askonchensky_1839_utf8.txt,songs,0
946,491_suhanov_1828,songs,0
947,426_cyganov_1830_utf8.txt,songs,0
948,467_budimirovich_1844,songs,0
949,569_stepanov_1840,songs,0
950,520_bp_1825.txt,songs,3
951,315_politkovsky_1813_utf8.txt,songs,0
952,551_vinogradova_1828.txt,songs,2
953,409_cyganov_1832_utf8.txt,songs,0
954,438_shahovskoi_1815_utf8.txt,songs,0
955,173_kolcov_1837_utf8.txt,songs,0
956,496_suhanov_1828,songs,2
957,403_cyganov_1832_utf8.txt,songs,0
958,99_grebenka_1839_utf8.txt,songs,0
959,372_timofeev_1835_utf8.txt,songs,3
960,197_kolcov_1841_utf8.txt,songs,3
961,183_kolcov_1839_utf8.txt,songs,0
962,500_nn_1806,songs,0
963,516_trike_1849,songs,0
964,527_skorodumov_1824.txt,songs,2
965,296_odoevsky_1830_utf8.txt,songs,0
966,243_makarov_1809_utf8.txt,songs,0
967,552_bp_1828.txt,songs,2
968,51_bernet_1837_utf8.txt,songs,0
969,525_velikopolsky_1821.txt,songs,0
970,29_bp_1825_utf8.txt,songs,3
971,114_delvig_1823_utf8.txt,songs,0
972,152_kozlov_1838_utf8.txt,songs,0
973,281_nsh_1841_utf8.txt,songs,0
974,432_chizhov_1833_utf8.txt,songs,0
975,415_cyganov_1832_utf8.txt,songs,0
976,548_etrb_1825.txt,songs,0
977,235_licycina_1828_utf8.txt,songs,0
978,534_kugushev_1814,songs,0
979,229_lazhechnikov_1831_utf8.txt,songs,0
980,192_kolcov_1840_utf8.txt,songs,0
981,186_kolcov_1839_utf8.txt,songs,0
982,87_glinka_1828_utf8.txt,songs,0
983,236_msp_1833_utf8.txt,songs,0
984,537_voskl_1834.txt,songs,0
985,543_ryndovsky_1809,songs,0
986,86_glinka_1832_utf8.txt,songs,0
987,344_smirnov.f_1822_utf8.txt,songs,0
988,623_pushkin_1824.txt,songs,0
989,292_obodovsky_1829_utf8.txt,songs,0
990,590_solovjov_1841.txt,songs,0
991,585_zaharov_1812,songs,0
992,129_zharkov_1847_utf8.txt,songs,0
993,355_stromilov_1837_utf8.txt,songs,0
994,395_cyganov_1832_utf8.txt,songs,0
995,512_suhanov_1835,songs,0
996,113_delvig_1821_utf8.txt,songs,0
997,200_kolcov_1841_utf8.txt,songs,0
998,146_inozemcev_1843_utf8.txt,songs,0
999,308_petrov_1832_utf8.txt,songs,0
1000,545_g_1815.txt,songs,0
1001,387_cyganov_1828_utf8.txt,songs,0
1002,266_merzlyakov_1805_utf8.txt,songs,0
1003,490_suhanov_1828,songs,0
1004,265_merzlyakov_1806_utf8.txt,songs,0
1005,584_bp_1812.txt,songs,0
1006,19_alipanov_1835_utf8.txt,songs,0
1007,211_koni_1833_utf8.txt,songs,2
1008,450_ip_1834,songs,0
1009,94_grammatin_1807_utf8.txt,songs,0
1010,427_cyganov_1832_utf8.txt,songs,0
1011,530_vladislavlev_1829,songs,0
1012,302_pja_1831_utf8.txt,songs,0
1013,10_aladyin_1824_utf8.txt,songs,0
1014,573_romanovich_1841,songs,0
1015,470_zhadovskaya_1846,songs,0
1016,304_panaev_1827_utf8.txt,songs,0
1017,145_ivanov_1829_utf8.txt,songs,0
1018,485_suhanov_1828,songs,0
1019,462_scherbina_1842,songs,0
1020,198_kolcov_1841_utf8.txt,songs,0
1021,466_budimirovich_1844,songs,0
1022,139_ibragimov_1841_utf8.txt,songs,0
1023,482_suhanov_1828,songs,0
1024,261_merzlyakov_1806_utf8.txt,songs,0
1025,428_cyganov_1832_utf8.txt,songs,0
1026,451_vs_1834,songs,0
1027,207_komissarov_1831_utf8.txt,songs,2
1028,523_vostokov_1821.txt,songs,0
1029,48_bashmakov_1842_utf8.txt,songs,0
1030,376_trilunniy_1832_utf8.txt,songs,0
1031,251_malyshev_1848_utf8.txt,songs,0
1032,515_stepanov_1844.txt,songs,0
1033,91_gorchakov_1839_utf8.txt,songs,0
1034,242_makarov_1805_utf8.txt,songs,0
1035,435_shahovskoi_1823_utf8.txt,songs,0
1036,263_merzlyakov_1810_utf8.txt,songs,0
1037,458_bernet_1838,songs,0
1038,624_pushkin_1824.txt,songs,0
1039,602_sharshaviy_1842.txt,songs,0
1040,39_bashmakov_1842_utf8.txt,songs,0
1041,273_minaev_1839_utf8.txt,songs,0
1042,583_bp_1812.txt,songs,0
1043,132_sibiryak_1837_utf8.txt,songs,0
1044,294_ogarev_1841_utf8.txt,songs,0
1045,36_bashmakov_1842_utf8.txt,songs,0
1046,218_kropotkin_1837_utf8.txt,songs,0
1047,117_delvig_1828_utf8.txt,songs,0
1048,309_podolinsky_1837_utf8.txt,songs,0
1049,531_ivanov_1830,songs,0
1050,412_cyganov_1832_utf8.txt,songs,0
1051,349_solovjev.f_1829_utf8.txt,songs,0
1052,505_golicyn_1832,songs,0
1053,503_strujskiy_1837,songs,0
1054,55_bushmakin_1826_utf8.txt,songs,0
1055,374_traum_1839_utf8.txt,songs,0
1056,244_makarov_1809_utf8.txt,songs,0
1057,203_kolcov_1840_utf8.txt,songs,0
1058,179_kolcov_1838_utf8.txt,songs,0
1059,49_bashmakov_1840_utf8.txt,songs,0
1060,47_bashmakov_1842_utf8.txt,songs,0
1061,404_cyganov_1832_utf8.txt,songs,0
1062,255_mezhdudelie_1848_utf8.txt,songs,0
1063,237_mazdorf_1818_utf8.txt,songs,2
1064,239_makarov_1806_utf8.txt,songs,0
1065,120_delvig_1829_utf8.txt,songs,0
1066,191_kolcov_1840_utf8.txt,songs,0
1067,185_kolcov_1839_utf8.txt,songs,0
1068,492_suhanov_1828,songs,0
1069,219_kugushev_1823_utf8.txt,songs,2
1070,76_vladimirov_1848_utf8.txt,songs,0
1071,580_vostokov_1813.txt,songs,0
1072,495_suhanov_1828,songs,0
1073,564_glinka_1814.txt,songs,0
1074,79_volkov_1839_utf8.txt,songs,2
1075,112_delvig_1823_utf8.txt,songs,0
1076,201_kolcov_1842_utf8.txt,songs,0
1077,118_delvig_1828_utf8.txt,songs,0
1078,101_grebenka_1840_utf8.txt,songs,0
1079,342_smirnov_1842_utf8.txt,songs,0
1080,297_oznobishin_1835_utf8.txt,songs,0
1081,420_cyganov_1832_utf8.txt,songs,0
1082,556_bazhenov_1823.txt,songs,0
1083,72_vladimirov_1848_utf8.txt,songs,0
1084,480_suhanov_1828,songs,0
1085,3_bp_1840_utf8.txt,songs,0
1086,436_shahovskoi_1815_utf8.txt,songs,0
1087,440_shahovskoi_1832_utf8.txt,songs,0
1088,8_bistrom_1835_utf8.txt,songs,0
1089,1_v_1832_utf8.txt,songs,0
1090,328_pushkin_1824_utf8.txt,songs,0
1091,353_stromilov_1840_utf8.txt,songs,0
1092,487_suhanov_1828,songs,0
1093,478_suhanov_1828,songs,0
1094,194_kolcov_1840_utf8.txt,songs,0
1095,468_zhadovskaya_1846,songs,0
1096,180_kolcov_1838_utf8.txt,songs,0
1097,307_perevedencev_1838_utf8.txt,songs,0
1098,593_alliluev_1846.txt,songs,0
1099,214_krasov_1840_utf8.txt,songs,0
1100,392_cyganov_1832_utf8.txt,songs,0
1101,433_shalikov_1801_utf8.txt,songs,2
1102,356_suhanov_1828_utf8.txt,songs,0
1103,222_kudryashov_1822_utf8.txt,songs,2
1104,616_kolcov_1839.txt,songs,0
1105,517_zakrevskiy_1839,songs,0
1106,431_cyganov_1840_utf8.txt,songs,0
1107,354_stromilov_1846_utf8.txt,songs,0
1108,410_cyganov_1832_utf8.txt,songs,0
1109,31_bakhturin_1836_utf8.txt,songs,0
1110,271_merzlyakov_1810_utf8.txt,songs,0
1111,340_serebryansky_1838_utf8.txt,songs,0
1112,13_alipanov_1830_utf8.txt,songs,0
1113,166_kolcov_1830_utf8.txt,songs,0
1114,398_cyganov_1832_utf8.txt,songs,0
1115,246_makarov_1808_utf8.txt,songs,2
1116,102_grebenka_1841_utf8.txt,songs,0
1117,554_sglinka_1828.txt,songs,0
1118,43_bashmakov_1842_utf8.txt,songs,2
1119,141_ibragimov_1815_utf8.txt,songs,0
1120,287_nirkomskiy_1838_utf8.txt,songs,0
1121,283_naumova_1815_utf8.txt,songs,0
1122,406_cyganov_1832_utf8.txt,songs,0
1123,116_delvig_1824_utf8.txt,songs,0
1124,233_lindfors_1834_utf8.txt,songs,0
1125,314_polezhaev_1836_utf8.txt,songs,0
1126,25_askonchenksy_1843_utf8.txt,songs,0
1127,325_pugovishnikov_1838_utf8.txt,songs,0
1128,27_astafjev_1826_utf8.txt,songs,0
1129,175_kolcov_1837_utf8.txt,songs,0
1130,68_vladimirov_1848_utf8.txt,songs,0
1131,461_scherbina_1840,songs,0
1132,6_AD_1824_utf8.txt,songs,0
1133,131_zhmakin_1843_utf8.txt,songs,0
1134,479_suhanov_1828,songs,0
1135,137_zotov_1841_utf8.txt,songs,0
1136,486_suhanov_1828,songs,0
1137,286_netanov_1848_utf8.txt,songs,0
1138,14_alipanov_1830_utf8.txt,songs,0
1139,160_kolcov_1828_utf8.txt,songs,0
1140,33_bakhturin_1845_utf8.txt,songs,0
1141,566_birukov_1813,songs,0
1142,599_brunner_1841.txt,songs,0
1143,481_suhanov_1828,songs,0
1144,252_malyshev_1848_utf8.txt,songs,0
1145,337_ryabinin_1831_utf8.txt,songs,0
1146,597_tarasenko_1843.txt,songs,0
1147,608_miloson_1818.txt,songs,0
1148,53_baratynsky_1821_utf8.txt,songs,0
1149,613_kolcov_1832.txt,songs,0
1150,598_iveljev_1840.txt,songs,0
1151,418_cyganov_1832_utf8.txt,songs,0
1152,542_popov_1807,songs,0
1153,620_kolcov_1841.txt,songs,0
1154,278_myatlev_1834_utf8.txt,songs,0
1155,494_suhanov_1828,songs,0
1156,30_bp_1828_utf8.txt,songs,0
1157,365_timofeev_1838_utf8.txt,songs,0
1158,614_kolcov_1837.txt,songs,0
1159,346_sokolovsky_1843_utf8.txt,songs,0
1160,320_pugovishnikov_1838_utf8.txt,songs,0
1161,493_suhanov_1828,songs,0
1162,234_lindfors_1834_utf8.txt,songs,0
1163,457_trilunniy_1838,songs,0
1164,28_bp_1830_utf8.txt,songs,0
1165,107_davydov_1834_utf8.txt,songs,2
1166,189_kolcov_1840_utf8.txt,songs,0
1167,547_bp_547.txt,songs,0
1168,511_suhanov_1835,songs,0
1169,143_protopopov_1842_utf8.txt,songs,0
1170,444_steinberg_1829_utf8.txt,songs,0
1171,497_iv_1816,songs,0
1172,422_cyganov_1832_utf8.txt,songs,0
1173,69_vladimirov_1848_utf8.txt,songs,0
1174,300_ostolopov_1806_utf8.txt,songs,0
1175,298_ostolopov_1802_utf8.txt,songs,0
1176,119_delvig_1829_utf8.txt,songs,0
1177,280_nv_1840_utf8.txt,songs,0
1178,465_budumirovich_1844,songs,0
1179,369_timofeev_1833_utf8.txt,songs,0
1180,249_makarov_1823_utf8.txt,songs,0
1181,424_cyganov_1832_utf8.txt,songs,0
1182,540_borozdna_1843,songs,0
1183,184_kolcov_1839_utf8.txt,songs,0
1184,190_kolcov_1840_utf8.txt,songs,0
1185,474_suhanov_1828,songs,0
1186,205_kolcov_1842_utf8.txt,songs,0
1187,336_ryabinin_1831_utf8.txt,songs,3
1188,253_malyshev_1848_utf8.txt,songs,0
1189,408_cyganov_1832_utf8.txt,songs,0
1190,473_suhanov_1828,songs,0
1191,508_bp_1839,songs,0
1192,106_chernecky_1841_utf8.txt,songs,0
1193,128_ershov_1845_utf8.txt,songs,0
1194,215_krasov_1841_utf8.txt,songs,0
1195,550_nsh_1827.txt,songs,0
1196,195_kolcov_1840_utf8.txt,songs,2
1197,181_kolcov_1838_utf8.txt,songs,0
1198,230_lardem_1826_utf8.txt,songs,0
1199,257_mezhdudelie_1848_utf8.txt,songs,2
1200,34_bashmakin_1827_utf8.txt,songs,0
1201,270_merzlyakov_1810_utf8.txt,songs,2
1202,317_pochtennaya.dama_1815_utf8.txt,songs,0
1203,15_alipanov_1830_utf8.txt,songs,3
1204,396_cyganov_1832_utf8.txt,songs,0
1205,351_sreznevskiy_1838_utf8.txt,songs,0
1206,293_obodovsky_1829_utf8.txt,songs,0
1207,151_kiseleva_1837_utf8.txt,songs,0
1208,154_kozlov_1828_utf8.txt,songs,0
1209,589_solovjov_1841,songs,0
1210,453_bp_1845,songs,0
1211,303_palm_1845_utf8.txt,songs,0
1212,220_kugushev_1823_utf8.txt,songs,0
1213,89_golovin_1821_utf8.txt,songs,0
1214,364_timofeev_1833_utf8.txt,songs,0
1215,254_martynov_1843_utf8.txt,songs,0
1216,363_teplova_1830_utf8.txt,songs,0
1217,148_karlgof_1827_utf8.txt,songs,0
1218,526_glinka_1825,songs,0
1219,250_malyshev_1828_utf8.txt,songs,0
1220,40_bashmakov_1842_utf8.txt,songs,0
1221,469_zhadovskaya_1846,songs,0
1222,452_vs_1834,songs,0
1223,560_naumova_1814,songs,0
1224,306_pelskiy_1838_utf8.txt,songs,0
1225,2_bp_1840_utf8.txt,songs,0
1226,7_avdulovsky_1847_utf8.txt,songs,2
1227,147_k-ev_1837_utf8.txt,songs,0
1228,291_obodovsky_1827_utf8.txt,songs,0
1229,416_cyganov_1832_utf8.txt,songs,0
1230,62_veltman_1831_utf8.txt,songs,0
1231,368_timofeev_1835_utf8.txt,songs,0
1232,439_shahovskoi_1832_utf8.txt,songs,0
1233,202_kolcov_1840_utf8.txt,songs,0
1234,274_mihailov_1847_utf8.txt,songs,0
1235,400_cyganov_1832_utf8.txt,songs,0
1236,285_naumova_1815_utf8.txt,songs,0
1237,331_rimskykorsakov_1829_utf8.txt,songs,0
1238,103_grebenka_1841_utf8.txt,songs,0
1239,12_alipanov_1830_utf8.txt,songs,3
1240,32_bakhturin_1840_utf8.txt,songs,0
1241,388_cyganov_1832_utf8.txt,songs,0
1242,95_grammatin_1811_utf8.txt,songs,0
1243,156_kolokolov_1848_utf8.txt,songs,0
1244,565_ivanov_1808,songs,3
1245,475_suhanov_1828,songs,0
1246,506_aibulat_1838,songs,0
1247,108_dargmyzhskaya_1827_utf8.txt,songs,0
1248,161_kolcov_1829_utf8.txt,songs,0
1249,123_ershov_1834_utf8.txt,songs,0
1250,341_slepushkin_1828_utf8.txt,songs,0
1251,394_cyganov_1832_utf8.txt,songs,0
1252,442_shevyriov_1827_utf8.txt,songs,0
1253,223_kudryashov_1828_utf8.txt,songs,2
1254,464_shahovskoi_1844,songs,0
1255,168_kolcov_1831_utf8.txt,songs,0
1256,11_alipanov_1830_utf8.txt,songs,0
1257,332_rozen_1832_utf8.txt,songs,0
1258,311_polezhaev_1832_utf8.txt,songs,0
1259,188_kolcov_1840_utf8.txt,songs,0
1260,338_svinin_1834_utf8.txt,songs,0
1261,434_shahovskoi_1823_utf8.txt,songs,0
1262,262_merzlyakov_1810_utf8.txt,songs,0
1263,321_pugovishnikov_1838_utf8.txt,songs,0
1264,430_cyganov_1832_utf8.txt,songs,0
1265,577_tarhov_1841,songs,0
1266,22_askonchensky_1843_utf8.txt,songs,0
1267,383_filimonov_1810_utf8.txt,songs,0
1268,126_ershov_1835_utf8.txt,songs,0
1269,164_kolcov_1829_utf8.txt,songs,0
1270,563_delvig_1812,songs,0
1271,553_prnov_1828.txt,songs,0
1272,358_suhanov_1828_utf8.txt,songs,0
1273,579_schulepnikov_1814.txt,songs,0
1274,171_kolcov_1836_utf8.txt,songs,0
1275,98_grammatin_1815_utf8.txt,songs,0
1276,217_krenicyn_1830_utf8.txt,songs,0
1277,21_askonchensky_1840_utf8.txt,songs,0
1278,524_velikopolsky_1821.txt,songs,0
1279,66_vinogradov_1845_utf8.txt,songs,0
1280,290_o-l-a_1840_utf8.txt,songs,0
1281,546_sokolskiy_1815.txt,songs,0
1282,385_hotyaincev_1834_utf8.txt,songs,0
1283,414_cyganov_1832_utf8.txt,songs,0
1284,212_koptev_1806_utf8.txt,songs,0
1285,521_kugushev_1805.txt,songs,0
1286,313_polezhaev_1836_utf8.txt,songs,2
1287,532_ivanov_1830,songs,0
1288,402_cyganov_1832_utf8.txt,songs,0
1289,232_lesnik_1838_utf8.txt,songs,0
1290,167_kolcov_1830_utf8.txt,songs,0
1291,289_o-l-a_1840_utf8.txt,songs,0
1292,504_chizhov_1837,songs,0
1293,380_fedorov_1825_utf8.txt,songs,0
1294,73_vladimirov_1848_utf8.txt,songs,0
1295,187_kolcov_1840_utf8.txt,songs,0
1296,366_timofeev_1843_utf8.txt,songs,0
1297,437_shahovskoi_1815_utf8.txt,songs,0
1298,441_shahovskoi_1832_utf8.txt,songs,0
1299,92_gorchakov_1839_utf8.txt,songs,0
1300,258_mezhdudelie_1848_utf8.txt,songs,0
1301,362_suhanov_1828_utf8.txt,songs,0
1302,455_anordist_1839,songs,0
1303,9_bistrom_1826_utf8.txt,songs,0
1304,509_bp_1806,songs,0
1305,56_bushmakin_1827_utf8.txt,songs,0
1306,16_alipanov_1830_utf8.txt,songs,0
1307,389_cyganov_1830_utf8.txt,songs,0
1308,378_tumanskiy_1825_utf8.txt,songs,3
1309,339_sergeev_1828_utf8.txt,songs,0
1310,174_kolcov_1837_utf8.txt,songs,0
1311,335_rostopchina_1831_utf8.txt,songs,0
1312,35_bashmakov_1842_utf8.txt,songs,0
1313,617_kolcov_1839.txt,songs,0
1314,312_polezhaev_1835_utf8.txt,songs,0
1315,352_stepanov_1826_utf8.txt,songs,0
1316,122_derzhavin_1803_utf8.txt,songs,0
1317,324_pugovishnikov_1838_utf8.txt,songs,0
1318,44_bashmakov_1842_utf8.txt,songs,0
1319,63_veltman_1832_utf8.txt,songs,0
1320,77_vladimirov_1848_utf8.txt,songs,0
1321,dostoyevskiy.idiot.txt,novels,1
1322,solovyevvs.tsarskoye_posolstvo.txt,novels,1
1323,kuprin.olesya.txt,novels,1
1324,markevich.tipy_proshlago.txt,novels,1
1325,dostoyevskiy.belyye_nochi.txt,novels,1
1326,dostoyevskiy.dyadyushkin_son.txt,novels,1
1327,panayev.segodnya_i_zavtra.txt,novels,1
1328,pisemskiy.tysyacha_dush.txt,novels,1
1329,lazhechnikov.vnuchka_pantsirnogo_boyarina.txt,novels,1
1330,kuprin.vpotmakh.txt,novels,1
1331,solovyevvs.volkhvy.txt,novels,1
1332,polevoy.klyatva_pri_grobe_gospodnem.txt,novels,1
1333,nekrasov_i_dr.tri_strany_sveta.txt,novels,1
1334,remezov.nichi_dengi.txt,novels,1
1335,druzhinin.obruchennyye.txt,novels,1
1336,leykin.nashi_zagranitsey.txt,novels,1
1337,starostin.pokhozhdeniya_seminarista_khlopova.txt,novels,1
1338,kokhanovskaya.lyubila.txt,novels,1
1339,tolstoya.knyaz_serebryanyy.txt,novels,1
1340,tolstoy.polikushka.txt,novels,1
1341,driyanskiy.zapiski_melkotravchatogo.txt,novels,1
1342,pushkin.dubrovskiy.txt,novels,1
1343,konshin.graf_oboyanskiy_ili_smolensk_v_1812_godu.txt,novels,1
1344,gertsen.dolg_prezhde_vsego.txt,novels,1
1345,stanyukovich.mrachnyy_shturman.txt,novels,1
1346,druzhinin.rasskaz_alekseya_dmitricha.txt,novels,1
1347,pisemskiy.tyufyak.txt,novels,1
1348,salias.arakcheyevskiy_synok.txt,novels,1
1349,stanyukovich.nyanka.txt,novels,1
1350,dostoyevskiy.khozyayka.txt,novels,1
1351,garin_mikhaylovskiy.studenty.txt,novels,1
1352,potapenko.ne_geroy.txt,novels,1
1353,gogol.mertvyye_dushi.txt,novels,1
1354,pushkin.kapitanskaya_dochka.txt,novels,1
1355,leskov.na_krayu_sveta.txt,novels,1
1356,shklyarevskiy.chto_pobudilo_k_ubiystvu.txt,novels,1
1357,amfiteatrov.otravlennaya_sovest.txt,novels,1
1358,potapenko.sekretar_yego_prevoskhoditelstva.txt,novels,1
1359,geyntse.knyaz_tavridy.txt,novels,1
1360,polevoy.ioann_tsimiskhiy.txt,novels,1
1361,khvoshchinskaya.pervaya_borba.txt,novels,1
1362,merder.avantyuristy.txt,novels,1
1363,levitov.nakanune_khristova_dnya.txt,novels,1
1364,panayev.onagr.txt,novels,1
1365,leskov.detskiye_gody.txt,novels,1
1366,salias.million.txt,novels,1
1367,mordovtsev.derzhavnyy_plotnik.txt,novels,1
1368,machtet.v_tundre_i_v_tayge.txt,novels,1
1369,sheller_mikhaylov.nad_obryvom.txt,novels,1
1370,korolenko.sudnyy_den_iom_kipur.txt,novels,1
1371,leontyev.ditya_dushi.txt,novels,1
1372,mamin_sibiryak.tri_kontsa.txt,novels,1
1373,polevoy.zhivopisets.txt,novels,1
1374,krasnova.ne_sudba.txt,novels,1
1375,dostoyevskiy.bednyye_lyudi.txt,novels,1
1376,pomyalovskiy.molotov.txt,novels,1
1377,kugushev.kornet_otletayev.txt,novels,1
1378,zlatovratskiy.krestyane_prisyazhnyye.txt,novels,1
1379,aksakov.semeynaya_khronika.txt,novels,1
1380,turgenev.dva_priyatelya.txt,novels,1
1381,bestuzhev_marlinskiy.fregat_nadezhda.txt,novels,1
1382,kushchevskiy.nikolay_negorev_ili_blagopoluchnyy_rossiyanin.txt,novels,1
1383,boborykin.zhertva_vechernyaya.txt,novels,1
1384,reshetnikov.gornorabochiye.txt,novels,1
1385,pisemskiy.vinovata_li_ona.txt,novels,1
1386,zagoskin.russkiye_v_nachale_osmnadtsatogo_stoletiya.txt,novels,1
1387,geyntse.v_tine_advokatury.txt,novels,1
1388,veltman.strannik.txt,novels,1
1389,kulchitskiy.neobyknovennyy_poyedinok.txt,novels,1
1390,leskov.askalonskiy_zlodey.txt,novels,1
1391,turgenev.rudin.txt,novels,1
1392,pavlov.maskarad.txt,novels,1
1393,leontyev.aspaziya_lampridi.txt,novels,1
1394,ertel.dve_pary.txt,novels,1
1395,garin_mikhaylovskiy.gimnazisty.txt,novels,1
1396,leskov.ocharovannyy_strannik.txt,novels,1
1397,bulgarin.ivan_petr_ivanovich_vyzhigin.txt,novels,1
1398,iogel.mezhdu_vechnostyu_i_minutoy.txt,novels,1
1399,yakubovich.v_mire_otverzhennykh.txt,novels,1
1400,bulgarin.dimitriy_samozvanets.txt,novels,1
1401,annenskaya.chuzhoy_khleb.txt,novels,1
1402,geyntse.sudnyye_dni_velikogo_novgoroda.txt,novels,1
1403,kornilovich.andrey_bezymennyy.txt,novels,1
1404,naumov.yurovaya.txt,novels,1
1405,solovyevvs.staryy_dom.txt,novels,1
1406,senkovskiy.vsya_zhenskaya_zhizn_v_neskolkikh_chasakh.txt,novels,1
1407,zagoskin.yuriy_miloslavskiy_ili_russkiye_v_1612_godu.txt,novels,1
1408,leskov.chortovy_kukly.txt,novels,1
1409,grigorovich.neudavshayasya_zhizn.txt,novels,1
1410,khomyakov.svetloye_voskresenye.txt,novels,1
1411,salias.arakcheyevskiy_podkidysh.txt,novels,1
1412,kalashnikov.kamchadalka.txt,novels,1
1413,panayev.spalnya_svetskoy_zhenshchiny.txt,novels,1
1414,pleshcheyev.pashintsev.txt,novels,1
1415,chekhov.tri_goda.txt,novels,1
1416,ertel.volkhonskaya_baryshnya.txt,novels,1
1417,volkonskiy.koltso_imperatritsy.txt,novels,1
1418,masalskiy.streltsy.txt,novels,1
1419,dostoyevskiy.zapiski_iz_podpolya.txt,novels,1
1420,karnovich.pridvornoye_kruzhevo.txt,novels,1
1421,mordovtsev.dvenadtsatyy_god.txt,novels,1
1422,boborykin.poumnel.txt,novels,1
1423,teleshov.na_troykakh.txt,novels,1
1424,merder.v_poiskakh_istiny.txt,novels,1
1425,narezhnyy.zaporozhets.txt,novels,1
1426,dostoyevskiy.bratya_karamazovy.txt,novels,1
1427,leskov.pecherskiye_antiki.txt,novels,1
1428,tur.semeystvo_shalonskikh.txt,novels,1
1429,solovyevvs.yunyy_imperator.txt,novels,1
1430,korolenko.v_durnom_obshchestve.txt,novels,1
1431,pushkin.povesti_belkina.txt,novels,1
1432,vonlyarlyarskiy.bolshaya_barynya.txt,novels,1
1433,geyntse.stsena_i_zhizn.txt,novels,1
1434,lazhechnikov.ledyanoy_dom.txt,novels,1
1435,omulevskiy.popytka_ne_shutka.txt,novels,1
1436,saltykov_shchedrin.gospoda_golovlevy.txt,novels,1
1437,dostoyevskiy.selo_stepanchikovo_i_yego_obitateli.txt,novels,1
1438,durova.gudishki.txt,novels,1
1439,markevich.zabytyy_vopros.txt,novels,1
1440,boborykin.vasiliy_terkin.txt,novels,1
1441,pomyalovskiy.ocherki_bursy.txt,novels,1
1442,masalskiy.chernyy_yashchik.txt,novels,1
1443,maksimov.sibir_i_katorga.txt,novels,1
1444,zagoskin.moskva_i_moskvichi.txt,novels,1
1445,saltykov_shchedrin.sovremennaya_idilliya.txt,novels,1
1446,mordovtsev.gospodin_velikiy_novgorod.txt,novels,1
1447,saltykov_shchedrin.dnevnik_provintsiala_v_peterburge.txt,novels,1
1448,gorkiy.konovalov.txt,novels,1
1449,starostin.poslednyaya.txt,novels,1
1450,saltykov_shchedrin.blagonamerennyye_rechi.txt,novels,1
1451,sheller_mikhaylov.les_rubyat_shchepki_letyat.txt,novels,1
1452,karnovich.na_vysote_i_na_dole_tsarevna_sofya_alekseyevna.txt,novels,1
1453,stanyukovich.v_mutnoy_vode.txt,novels,1
1454,starostin.nashe_schastie.txt,novels,1
1455,apukhtin.arkhiv_grafini_d.txt,novels,1
1456,nikitin.mnogostradalnyye.txt,novels,1
1457,nemirovich_danchenko.s_diplomom.txt,novels,1
1458,saltykov_shchedrin.pompadury_i_pompadurshi.txt,novels,1
1459,veltmane.im_prividelsya_son.txt,novels,1
1460,chekhov.step.txt,novels,1
1461,zagoskin.brynskiy_les.txt,novels,1
1462,mordovtsev.sideniye_raskolnikov_v_solovkakh.txt,novels,1
1463,melnikov.na_gorakh.txt,novels,1
1464,turgenev.ottsy_i_deti.txt,novels,1
1465,mamin_sibiryak.imeninnik.txt,novels,1
1466,panayeva.stepnaya_baryshnya.txt,novels,1
1467,dostoyevskiy.unizhennyye_i_oskorblennyye.txt,novels,1
1468,sokolovskiy.odna_i_dve.txt,novels,1
1469,kryzhanovskaya.tsaritsa_khatasu.txt,novels,1
1470,tolstoya.upyr.txt,novels,1
1471,pisemskiy.lyudi_sorokovykh_godov.txt,novels,1
1472,leontyev_shcheglov.kordeliya.txt,novels,1
1473,salias.krutoyarskaya_tsarevna.txt,novels,1
1474,pogodin.nevesta_na_yarmarke.txt,novels,1
1475,stanyukovich.pokhozhdeniya_odnogo_matrosa.txt,novels,1
1476,panayev.rodstvenniki.txt,novels,1
1477,salias.freylina_imperatritsy.txt,novels,1
1478,geyntse.samozvanets.txt,novels,1
1479,turgenev.dnevnik_lishnego_cheloveka.txt,novels,1
1480,annenskaya.neudachnik.txt,novels,1
1481,khvoshchinskaya.pansionerka.txt,novels,1
1482,shalikova.semeynyye_stseny.txt,novels,1
1483,kuprin.na_perelome.txt,novels,1
1484,turgenev.nov.txt,novels,1
1485,leskov.ledi_makbet_mtsenskogo_uyezda.txt,novels,1
1486,masalskiy.osada_uglicha.txt,novels,1
1487,dostoyevskiy.vechnyy_muzh.txt,novels,1
1488,tolstoy.smert_ivana_ilicha.txt,novels,1
1489,goncharov.obryv.txt,novels,1
1490,avdeyev.tetrad_iz_zapisok_tamarina.txt,novels,1
1491,leskov.pavlin.txt,novels,1
1492,nekrasov_i_dr.mertvoye_ozero.txt,novels,1
1493,kryzhanovskaya.mest_yevreya.txt,novels,1
1494,leskov.zayachiy_remiz.txt,novels,1
1495,gogol.viy.txt,novels,1
1496,garin_mikhaylovskiy.v_sutoloke_provintsialnoy_zhizni.txt,novels,1
1497,dostoyevskiy.netochka_nezvanova.txt,novels,1
1498,grech.chernaya_zhenshchina.txt,novels,1
1499,solovyevvs.tsar_devitsa.txt,novels,1
1500,druzhinin.polinka_saks.txt,novels,1
1501,reshetnikov.gde_luchshe.txt,novels,1
1502,dostoyevskiy.igrok.txt,novels,1
1503,zhadovskaya.v_storone_ot_bolshogo_sveta.txt,novels,1
1504,leykin.dva_sopernika.txt,novels,1
1505,stanyukovich.zhenitba_pinegina.txt,novels,1
1506,grigorovich.anton_goremyka.txt,novels,1
1507,mamin_sibiryak.okhoniny_brovi.txt,novels,1
1508,goncharov.obyknovennaya_istoriya.txt,novels,1
1509,stanyukovich.istoriya_odnoy_zhizni.txt,novels,1
1510,polevoy.povest_o_simeone_suzdalskom_knyaze.txt,novels,1
1511,narezhnyy.rossiyskiy_zhilblaz.txt,novels,1
1512,chekhov.duel.txt,novels,1
1513,slavutinskiy.zhizn_i_pokhozhdeniya_trifona_afanasyeva.txt,novels,1
1514,bulgarin.mazepa.txt,novels,1
1515,saltykov_shchedrin.ubezhishche_monrepo.txt,novels,1
1516,stanyukovich.ravnodushnyye.txt,novels,1
1517,tolstoy.detstvo.txt,novels,1
1518,reshetnikov.mezhdu_lyudmi.txt,novels,1
1519,leykin.gde_apelsiny_zreyut.txt,novels,1
1520,turgenev.pervaya_lyubov.txt,novels,1
1521,solovyevvs.velikiy_rozenkreytser.txt,novels,1
1522,dostoyevskiy.besy.txt,novels,1
1523,pisemskiy.starcheskiy_grekh.txt,novels,1
1524,leskov.ostrovityane.txt,novels,1
1525,begichev.semeystvo_kholmskikh.txt,novels,1
1526,shklyarevskiy.sekretnoye_sledstviye.txt,novels,1
1527,glinkav.zadneprovskiya_stseny.txt,novels,1
1528,leskov.zhitiye_odnoy_baby.txt,novels,1
1529,salias.kudesnik.txt,novels,1
1530,turgenev.neschastnaya.txt,novels,1
1531,markevich.knyazhna_tata.txt,novels,1
1532,krestovskaya.vopl.txt,novels,1
1533,leontyev.ispoved_muzha_ay_burun.txt,novels,1
1534,turgenev.postoyalyy_dvor.txt,novels,1
1535,dal.bedovik.txt,novels,1
1536,dostoyevskiy.prestupleniye_i_nakazaniye.txt,novels,1
1537,leskov.smekh_i_gore.txt,novels,1
1538,terpigorev.marfinkino_schastye.txt,novels,1
1539,turgenev.klara_milich.txt,novels,1
1540,dostoyevskiy.dvoynik.txt,novels,1
1541,lermontov.knyaginya_ligovskaya.txt,novels,1
1542,pavlov.tri_povesti.txt,novels,1
1543,korolenko.bez_yazyka.txt,novels,1
1544,polevoypn.izbrannik_bozhiy.txt,novels,1
1545,lukhmanova.devochki.txt,novels,1
1546,panayev.doch_chinovnogo_cheloveka.txt,novels,1
1547,solovyevvs.sergey_gorbatov.txt,novels,1
1548,panayev.akteon.txt,novels,1
1549,krestovskaya.ranniye_grozy.txt,novels,1
1550,gogol.taras_bulba.txt,novels,1
1551,leskov.zheleznaya_volya.txt,novels,1
1552,gorkiy.foma_gordeyev.txt,novels,1
1553,tolstoy.kreytserova_sonata.txt,novels,1
1554,chekhov.moya_zhizn.txt,novels,1
1555,avenarius.povetriye.txt,novels,1
1556,panayev.belaya_goryachka.txt,novels,1
1557,annenskaya.brat_i_sestra.txt,novels,1
1558,alekseyev.igra_sudby.txt,novels,1
1559,veresayev.povetriye.txt,novels,1
1560,poznyakov.tovarishch.txt,novels,1
1561,grebenka.chaykovskiy.txt,novels,1
1562,mordovtsev.mamayevo_poboishche.txt,novels,1
1563,bestuzhev_marlinskiy.vecher_na_kavkazskikh_vodakh_v_1824_godu.txt,novels,1
1564,merder.taynyy_brak.txt,novels,1
1565,somov.gaydamak.txt,novels,1
1566,mamin_sibiryak.boytsy.txt,novels,1
1567,krasnitskiy.krasnoye_solnyshko.txt,novels,1
1568,slavutinskiy.mirskaya_beda.txt,novels,1
1569,grigorovich.koshka_i_myshka.txt,novels,1
1570,yasinskiy.uchitel.txt,novels,1
1571,zagoskin.roslavlev_ili_russkiye_v_1812_godu.txt,novels,1
1572,pisemskiy.masony.txt,novels,1
1573,stanyukovich.zhretsy.txt,novels,1
1574,sheller_mikhaylov.dvorets_i_monastyr.txt,novels,1
1575,stanyukovich.dva_brata.txt,novels,1
1576,melnikov.staryye_gody.txt,novels,1
1577,kogan.v_glukhom_mestechke.txt,novels,1
1578,chekhov.v_ovrage.txt,novels,1
1579,grigorovich.dva_generala.txt,novels,1
1580,tolstoy.semeynoye_schastye.txt,novels,1
1581,veltman.koshchey_bessmertnyy.txt,novels,1
1582,kryzhanovskaya.rekenshteyny.txt,novels,1
1583,rostopchina.palatstso_forli.txt,novels,1
1584,turgenev.dym.txt,novels,1
1585,lermontov.vadim.txt,novels,1
1586,stanyukovich.vasiliy_ivanovich.txt,novels,1
1587,merder.tsarskiy_prikaz.txt,novels,1
1588,polevoy.emma.txt,novels,1
1589,lazhechnikov.basurman.txt,novels,1
1590,leskov.nekuda.txt,novels,1
1591,rostopchina.schastlivaya_zhenshchina.txt,novels,1
1592,leontyev.leto_na_khutore.txt,novels,1
1593,chernyshevskiy.chto_delat.txt,novels,1
1594,durova.ugol.txt,novels,1
1595,mamin_sibiryak.na_rubezhe_azii.txt,novels,1
1596,bestuzhev_marlinskiy.ammalat_bek.txt,novels,1
1597,gan.ideal.txt,novels,1
1598,geyntse.arakcheyev.txt,novels,1
1599,salias.filozof.txt,novels,1
1600,pisemskiy.vzbalamuchennoye_more.txt,novels,1
1601,pomyalovskiy.meshchanskoye_schastye.txt,novels,1
1602,panayev.prekrasnyy_chelovek.txt,novels,1
1603,garshin.nadezhda_nikolayevna.txt,novels,1
1604,annenskaya.trudnaya_borba.txt,novels,1
1605,narezhnyy.dva_ivana.txt,novels,1
1606,zhadovskaya.otstalaya.txt,novels,1
1607,leskov.polunoshchniki.txt,novels,1
1608,danilevskiy.potemkin_na_dunaye.txt,novels,1
1609,dostoyevskiy.podrostok.txt,novels,1
1610,gan.sud_sveta.txt,novels,1
1611,gogol.portret.txt,novels,1
1612,danilevskiy.sozhzhennaya_moskva.txt,novels,1
1613,yasinskiy.verochka.txt,novels,1
1614,solovyevvs.knyazhna_ostrozhskaya.txt,novels,1
1615,shapir.avdotiny_dochki.txt,novels,1
1616,leontyev.khrizo.txt,novels,1
1617,grigorovich.svistulkin.txt,novels,1
1618,mordovtsev.sotsialist_proshlogo_veka.txt,novels,1
1619,durova.pavilon.txt,novels,1
1620,leskov.interesnyye_muzhchiny.txt,novels,1
1621,bestuzhev_marlinskiy.mulla_nur.txt,novels,1
1622,leykin.na_zarabotkakh.txt,novels,1
1623,annenskaya.mladshiy_brat.txt,novels,1
1624,dal.vakkh_sidorov_chaykin.txt,novels,1
1625,durova.igra_sudby_ili_protivozakonnaya_lyubov.txt,novels,1
1626,annenskaya.volchonok.txt,novels,1
1627,pogorelskiy.dvoynik.txt,novels,1
1628,annenskaya.tyazhelaya_zhizn.txt,novels,1
1629,chekhov.palata_no_6.txt,novels,1
1630,geyntse.lyudoyedka.txt,novels,1
1631,kokorev.savvushka.txt,novels,1
1632,leskov.soboryane.txt,novels,1
1633,turgenev.veshniye_vody.txt,novels,1
1634,mordovtsev.fanatik.txt,novels,1
1635,leskov.staryye_gody_v_sele_plodomasove.txt,novels,1
1636,boborykin.kitay_gorod.txt,novels,1
1637,shklyarevskiy.rasskaz_sudebnogo_sledovatelya.txt,novels,1
1638,leskov.na_nozhakh.txt,novels,1
1639,geyntse.tayna_vysokogo_doma.txt,novels,1
1640,pisemskiy.komik.txt,novels,1
1641,mamin_sibiryak.zolotukha.txt,novels,1
1642,grigorovich.pereselentsy.txt,novels,1
1643,leontyev.pembe.txt,novels,1
1644,gogol.starosvetskie_pomeshchiki.txt,novels,1
1645,yermolova.v_svete_i_doma.txt,novels,1
1646,lebedev.za_svyatuyu_obitel.txt,novels,1
1647,zhukova.dacha_na_petergofskoy_doroge.txt,novels,1
1648,veselitskaya.mimochka.txt,novels,1
1649,butkov.nevskiy_prospekt_ili_puteshestviya_nestora_zaletayeva.txt,novels,1
1650,kryzhanovskaya.dva_sfinksa.txt,novels,1
1651,markevich.bezdna.txt,novels,1
1652,pleshcheyev.druzheskiye_sovety.txt,novels,1
1653,leskov._kolyvanskiy_muzh.txt,novels,1
1654,tolstoy.yunost.txt,novels,1
1655,gertsen.kto_vinovat.txt,novels,1
1656,saltykov_shchedrin.istoriya_odnogo_goroda.txt,novels,1
1657,stanyukovich.passazhirka.txt,novels,1
1658,tan_bogoraz.na_reke_rosomashyey.txt,novels,1
1659,ertel.gardeniny.txt,novels,1
1660,avenarius.sovremennaya_idilliya.txt,novels,1
1661,salov.nikolay_suyetnoy.txt,novels,1
1662,mamin_sibiryak.sestry.txt,novels,1
1663,tur.starushka.txt,novels,1
1664,naumov.svyatoye_ozero.txt,novels,1
1665,zhelikhovskaya.podrugi.txt,novels,1
1666,veltman.rayna_korolevna_bolgarskaya.txt,novels,1
1667,geyntse.novgorodskaya_volnitsa.txt,novels,1
1668,yasinskiy.bunt_ivana_ivanycha.txt,novels,1
1669,vonlyarlyarskiy.noch_na_28_ye_sentyabrya.txt,novels,1
1670,kokorev.sibirka.txt,novels,1
1671,merder.posledniy_iz_vorotyntsevykh.txt,novels,1
1672,danilevskiy.beglyye_vorotilis.txt,novels,1
1673,panayeva_a.semeistvo_talnikovyh.txt,novels,1
1674,polevoy.blazhenstvo_bezumiya.txt,novels,1
1675,mordovtsev.velikiy_raskol.txt,novels,1
1676,tolstoy.voyna_i_mir.txt,novels,1
1677,ertel.karyera_strukova.txt,novels,1
1678,pleshcheyev.otets_i_doch.txt,novels,1
1679,mikhaylov.adam_adamych.txt,novels,1
1680,senkovskiy.uchenoye_puteshestviye_na_medvezhiy_ostrov.txt,novels,1
1681,mamin_sibiryak.khleb.txt,novels,1
1682,zasodimskiy.temnyye_sily.txt,novels,1
1683,mamin_sibiryak.gornoye_gnezdo.txt,novels,1
1684,merder.pered_razgromom.txt,novels,1
1685,yurkovskiy.zaklyuchennyy_n_10.txt,novels,1
1686,markevich.dve_maski.txt,novels,1
1687,apukhtin.dnevnik_pavlika_dolskogo.txt,novels,1
1688,mamin_sibiryak.vesenniye_grozy.txt,novels,1
1689,markevich.marina_iz_alago_roga.txt,novels,1
1690,kryukov.na_tikhom_donu.txt,novels,1
1691,salias.peterburgskoye_deystvo.txt,novels,1
1692,zotov.tainstvennyy_monakh.txt,novels,1
1693,bestuzhev.russkiy_v_parizhe_1814_goda.txt,novels,1
1694,tolstoy.voskreseniye.txt,novels,1
1695,avdeyev.varenka.txt,novels,1
1696,zhelikhovskaya.nad_puchinoy.txt,novels,1
1697,pushkin.pikovaya_dama.txt,novels,1
1698,mordovtsev.irod.txt,novels,1
1699,leskov.oboydennyye.txt,novels,1
1700,khvoshchinskaya.bratets.txt,novels,1
1701,solovyevvs.izgnannik.txt,novels,1
1702,melnikov.v_lesakh.txt,novels,1
1703,rostopchina.poyedinok.txt,novels,1
1704,turgenev.zatishye.txt,novels,1
1705,kryzhanovskaya.zakoldovannyy_zamok.txt,novels,1
1706,filippov.osazhdennyy_sevastopol.txt,novels,1
1707,kolbasin.akademicheskiy_pereulok.txt,novels,1
1708,korolenko.marusina_zaimka.txt,novels,1
1709,tolstoy.kazaki.txt,novels,1
1710,askochenskiy.asmodey_nashego_vremeni.txt,novels,1
1711,karnovich.lyubov_i_korona.txt,novels,1
1712,geyntse.koronovannyy_rytsar.txt,novels,1
1713,bestuzhev_marlinskiy.ispytaniye.txt,novels,1
1714,mamin_sibiryak.cherty_iz_zhizni_pepko.txt,novels,1
1715,reshetnikov.stavlennik.txt,novels,1
1716,solovyevvs.posledniye_gorbatovy.txt,novels,1
1717,saltykov_shchedrin.v_bolnitse_dlya_umalishennykh.txt,novels,1
1718,panayev.ona_budet_schastliva.txt,novels,1
1719,pisemskiy.sergey_petrovich_khozarov_i_mari_stupitsyna.txt,novels,1
1720,pisemskiy.fanfaron.txt,novels,1
1721,danilevskiy.knyazhna_tarakanova.txt,novels,1
1722,kokhanovskaya.gayka.txt,novels,1
1723,kuprin.molokh.txt,novels,1
1724,tolstoy.anna_karenina.txt,novels,1
1725,leontyev.sfakiot.txt,novels,1
1726,merder.zvezda_tsesarevny.txt,novels,1
1727,leykin.aktery_lyubiteli.txt,novels,1
1728,avdeyev.ivanov.txt,novels,1
1729,leskov.zagadochnyy_chelovek.txt,novels,1
1730,leontyev.v_svoyem_krayu.txt,novels,1
1731,zotov.dva_brata_ili_moskva_v_1812_godu.txt,novels,1
1732,krasnitskiy.groza_vizantii.txt,novels,1
1733,mamin_sibiryak.bratya_gordeyevy.txt,novels,1
1734,mordovtsev.ten_iroda.txt,novels,1
1735,linev.po_tyurmam.txt,novels,1
1736,leykin.v_gostyakh_u_turok.txt,novels,1
1737,lermontov.geroy_nashego_vremeni.txt,novels,1
1738,mamin_sibiryak.privalovskiye_milliony.txt,novels,1
1739,leskov.zakhudalyy_rod.txt,novels,1
1740,zagoskin.askoldova_mogila.txt,novels,1
1741,veltman.svetoslavich_vrazhiy_pitomets.txt,novels,1
1742,turgenev.dvoryanskoye_gnezdo.txt,novels,1
1743,pisemskiy.boyarshchina.txt,novels,1
1744,mamin_sibiryak.zoloto.txt,novels,1
1745,mamin_sibiryak.v_gorakh.txt,novels,1
1746,boborykin.proyezdom.txt,novels,1
1747,pisemskiy.meshchane.txt,novels,1
1748,zagoskin.iskusitel.txt,novels,1
1749,veltman.priklyucheniya_pocherpnutyye_iz_morya_zhiteyskogo.txt,novels,1
1750,chekhov.rasskaz_neizvestnogo_cheloveka.txt,novels,1
1751,tan_bogoraz.krivonogiy.txt,novels,1
1752,sollogub.bolshoy_svet.txt,novels,1
1753,timofeyev.khudozhnik.txt,novels,1
1754,pisemskiy.v_vodovorote.txt,novels,1
1755,sheller_mikhaylov.gospoda_obnoskovy.txt,novels,1
1756,volkonskiy.brat_gertsoga.txt,novels,1
1757,leontyev.yegipetskiy_golub.txt,novels,1
1758,alekseyev.lzhetsarevich.txt,novels,1
1759,veresayev.bez_dorogi.txt,novels,1
1760,turgenev.nakanune.txt,novels,1
1761,saltykov_shchedrin.poshekhonskaya_starina.txt,novels,1
1762,gogol.povest_o_tom_kak_possorilsya_ivan_ivanovich.txt,novels,1
1763,salias.na_moskve.txt,novels,1
1764,lazhechnikov.belenkiye_chernenkiye_i_serenkiye.txt,novels,1
1765,grigorovich.pakhotnik_i_barkhatnik.txt,novels,1
1766,danilevskiy.mirovich.txt,novels,1
1767,dmitriyev.dva_imperatora.txt,novels,1
1768,mordovtsev.zamurovannaya_tsaritsa.txt,novels,1
1769,leskov.voitelnitsa.txt,novels,1
1770,mamin_sibiryak.vernyy_rab.txt,novels,1
1771,masalskiy.regentstvo_birona.txt,novels,1
1772,danilevskiy.beglyye_v_novorossii.txt,novels,1
1773,garin_mikhaylovskiy.detstvo_tomy.txt,novels,1
1774,leskov.oskorblennaya_neteta.txt,novels,1
1775,sleptsov.trudnoye_vremya.txt,novels,1
1776,solovyevvs.volteryanets.txt,novels,1
1777,kokhanovskaya.iz_provintsialnoy_galerei_portretov.txt,novels,1
1778,mordovtsev.za_chi_grekhi.txt,novels,1
1779,potapenko.shestero.txt,novels,1
1780,stanyukovich.vokrug_sveta_na_korshune.txt,novels,1
1781,omulevskiy.shag_za_shagom.txt,novels,1
1782,yelpatyevskiy.ocherki_sibiri.txt,novels,1
1783,dal.pokhozhdeniya_khristiana_khristianovicha.txt,novels,1
1784,vereshchagin.literator.txt,novels,1
1785,annenskaya.anna.txt,novels,1
1786,solovyevvs.kapitan_grenaderskoy_roty.txt,novels,1
1787,gippius.zlatotsvet.txt,novels,1
1788,odoyevskiy.salamandra.txt,novels,1
1789,salov.grachevskiy_krokodil.txt,novels,1
1790,turgenev.stepnoy_korol_lir.txt,novels,1
1791,sollogub.tarantas.txt,novels,1
1792,apraksin.lovkachi.txt,novels,1
1793,lazhechnikov.posledniy_novik_ili_zavoyevaniye_liflyandii.txt,novels,1
1794,krasnitskiy.knyaz_svyatoslav.txt,novels,1
1795,tolstoy.sevastopol_v_avguste_1855_goda.txt,novels,1
1796,grigorovich.derevnya.txt,novels,1
1797,menshikov.dieta_dushi.txt,novels,1
1798,stanyukovich.pokhozhdeniya_odnogo_blagonamerennogo.txt,novels,1
1799,stanyukovich.groznyy_admiral.txt,novels,1
1800,narezhnyy.bursak.txt,novels,1
1801,leskov.zapechatlennyy_angel.txt,novels,1
1802,zlatovratskiy.zolotyye_serdtsa.txt,novels,1
1803,polevoy.rasskazy_russkogo_soldata.txt,novels,1
1804,apukhtin.neokonchennaya_povest.txt,novels,1
1805,goncharov.oblomov.txt,novels,1
1806,sollogub.starushka.txt,novels,1
1807,furman.saardamskiy_plotnik.txt,novels,1
1808,markevich.lesnik.txt,novels,1
1809,grigorovich.rybaki.txt,novels,1
1810,korolenko.slepoy_muzykant.txt,novels,1
1811,uspenskiyg.nravy_rasteryayevoy_ulitsy.txt,novels,1
1812,moskvin.nevolnaya_prestupnitsa.txt,novels,1
1813,tolstoy.otrochestvo.txt,novels,1
1814,akhsharumov.kontsy_v_vodu.txt,novels,1
1815,slavutinskiy.chitalshchitsa.txt,novels,1
1816,bestuzhev_marlinskiy.leytenant_belozor.txt,novels,1
1817,aksakov.detskiye_gody_bagrova_vnuka.txt,novels,1
1818,pogorelskiy.monastyrka.txt,novels,1
1819,mordovtsev.nanosnaya_beda.txt,novels,1
1820,reshetnikov.podlipovtsy.txt,novels,1
1821,tolstoy.dva_gusara.txt,novels,1
1822,sukhonin.na_rubezhe_stoletiy.txt,novels,1
1823,boborykin.dolgo_li.txt,novels,1
1824,merder.vorotyntsevy.txt,novels,1
1825,dal.pavel_alekseyevich_igrivyy.txt,novels,1
1826,maklakova_nelidova.devochka_lida.txt,novels,1
